google_place_id,discovered_name,google_maps_uri,returned_address,query_locality,query_district,query_state,address_state_hint,distance_from_inferred_locality_km,review_priority,flags
ChIJ7TQav9lyrjsRfqA-v9ydiRM,Sri Someshwara Swami Sannidi,https://maps.google.com/?cid=1407829929956909182&g_mp=Cidnb29nbGUubWFwcy5wbGFjZXMudjEuUGxhY2VzLlNlYXJjaFRleHQQAhgEIAA,"VQFP+6QM, Ittangur, Sarjapura, Karnataka 562125",Achhnera,Agra,Uttar Pradesh,karnataka,1590.6,high,address_names_other_state|over_50km_from_inferred_locality_anchor|address_does_not_name_query_locality
ChIJfR306JsWrjsREJCyldyPh4c,Sri Someshwara Swamy Temple,https://maps.google.com/?cid=9765932494543294480&g_mp=Cidnb29nbGUubWFwcy5wbGFjZXMudjEuUGxhY2VzLlNlYXJjaFRleHQQAhgEIAA,"Sri, Someshwara Temple Rd, Halasuru, Someshwarpura, Bengaluru, Karnataka 560008",Achhnera,Agra,Uttar Pradesh,karnataka,1579.3,high,address_names_other_state|over_50km_from_inferred_locality_anchor|address_does_not_name_query_locality
ChIJh24gaHP_rTsRM9mwF9DPZNU,Shri Someshwara Swamy Temple (Kolar),https://maps.google.com/?cid=15376643520407329075&g_mp=Cidnb29nbGUubWFwcy5wbGFjZXMudjEuUGxhY2VzLlNlYXJjaFRleHQQAhgEIAA,"44PQ+X7X, Fort Area, Kolar, Karnataka 563101",Achhnera,Agra,Uttar Pradesh,karnataka,1561.7,high,address_names_other_state|over_50km_from_inferred_locality_anchor|address_does_not_name_query_locality
ChIJB8j_yCanGToRzaJWlPhFKCE,Lingaraj Temple,https://maps.google.com/?cid=2389236536262959821&g_mp=Cidnb29nbGUubWFwcy5wbGFjZXMudjEuUGxhY2VzLlNlYXJjaFRleHQQAhgEIAA,"Lingaraj Temple Rd, Lingaraj Nagar, Old Town, Bhubaneswar, Odisha 751002",Achhnera,Agra,Uttar Pradesh,odisha,1127.1,high,address_names_other_state|over_50km_from_inferred_locality_anchor|address_does_not_name_query_locality
ChIJFwuU7iEujjkRE3v7zU8OYEg,Shri Kashi Vishwanath Temple,https://maps.google.com/?cid=5215184104416049939&g_mp=Cidnb29nbGUubWFwcy5wbGFjZXMudjEuUGxhY2VzLlNlYXJjaFRleHQQAhgEIAA,"Lahori Tola, Varanasi, Uttar Pradesh 221001",Achhnera,Agra,Uttar Pradesh,uttar pradesh,563.7,high,over_50km_from_inferred_locality_anchor|address_does_not_name_query_locality
ChIJ21VlV-xKhTkRDNS4aF8VCRk,Shri Someshwar Mahadev Mandir,https://maps.google.com/?cid=1803996625261614092&g_mp=Cidnb29nbGUubWFwcy5wbGFjZXMudjEuUGxhY2VzLlNlYXJjaFRleHQQAhgEIAA,"Arail Ghat, CV4R+R9V, near by Laxmi Ganeshji Asharam, Naini, Prayagraj, Uttar Pradesh 211008",Achhnera,Agra,Uttar Pradesh,uttar pradesh,456.9,high,over_50km_from_inferred_locality_anchor|address_does_not_name_query_locality
ChIJD76HXod3nDkRpnx_2I4hvYM,Sahastra Lingeshwar Shiv Mandir,https://maps.google.com/?cid=9492780486968179878&g_mp=Cidnb29nbGUubWFwcy5wbGFjZXMudjEuUGxhY2VzLlNlYXJjaFRleHQQAhgEIAA,"8Q6F+82C, Takiya, Patan, Uttar Pradesh 209867",Achhnera,Agra,Uttar Pradesh,uttar pradesh,314.7,high,over_50km_from_inferred_locality_anchor|address_does_not_name_query_locality
ChIJy_RfdEZPczkR0YmXiBnpnSc,Shiv Temple,https://maps.google.com/?cid=2854694034697849297&g_mp=Cidnb29nbGUubWFwcy5wbGFjZXMudjEuUGxhY2VzLlNlYXJjaFRleHQQAhgEIAA,"2P42+43H, Bichpuri Rd, Baghera, Uttar Pradesh 202141",Bah,Agra,Uttar Pradesh,uttar pradesh,153.6,high,over_50km_from_inferred_locality_anchor|address_does_not_name_query_locality
ChIJg66nUgApdTkRxPt7OS8bWfU,Shri Kashi Vishwanath Mahadev Shiv Mandir,https://maps.google.com/?cid=17679191701861432260&g_mp=Cidnb29nbGUubWFwcy5wbGFjZXMudjEuUGxhY2VzLlNlYXJjaFRleHQQAhgEIAA,"3J7X+35M, Sujawali, Uttar Pradesh 243638",Achhnera,Agra,Uttar Pradesh,uttar pradesh,132.0,high,over_50km_from_inferred_locality_anchor|address_does_not_name_query_locality
ChIJRf0zjmOpdDkRGnh_nRSi5YA,Rudreshwar mahadev mandir,https://maps.google.com/?cid=9288008015946938394&g_mp=Cidnb29nbGUubWFwcy5wbGFjZXMudjEuUGxhY2VzLlNlYXJjaFRleHQQAhgEIAA,"22R6+92W, Piploth, Gokulpur, Piplauth Gokulpur, Uttar Pradesh 202122",Achhnera,Agra,Uttar Pradesh,uttar pradesh,99.2,high,over_50km_from_inferred_locality_anchor|address_does_not_name_query_locality
ChIJgaKaOJGkdDkRliKUUU-tBgM,Shri Vishwanath Mahadev Mandir,https://maps.google.com/?cid=218052188156732054&g_mp=Cidnb29nbGUubWFwcy5wbGFjZXMudjEuUGxhY2VzLlNlYXJjaFRleHQQAhgEIAA,"V3QJ+RG3, Ramghat Rd, Shyam Nagar, Aligarh, Uttar Pradesh 202001",Achhnera,Agra,Uttar Pradesh,uttar pradesh,85.4,high,over_50km_from_inferred_locality_anchor|address_does_not_name_query_locality
ChIJ2dV3HBdHcjkR_hO6W6tqGV8,Rudreshwar Mahadev Temple,https://maps.google.com/?cid=6852625592231793662&g_mp=Cidnb29nbGUubWFwcy5wbGFjZXMudjEuUGxhY2VzLlNlYXJjaFRleHQQAhgEIAA,"WXX8+775, Kutakpur, Rajasthan 322240",Achhnera,Agra,Uttar Pradesh,rajasthan,82.2,high,address_names_other_state|over_50km_from_inferred_locality_anchor|address_does_not_name_query_locality
ChIJMS1JaHQ5cjkRHMdQU2CIHIA,Rudreshwar mahadev temple,https://maps.google.com/?cid=9231403283498714908&g_mp=Cidnb29nbGUubWFwcy5wbGFjZXMudjEuUGxhY2VzLlNlYXJjaFRleHQQAhgEIAA,"WXJP+F3C, Kherla Bujurg, Rajasthan 322240",Achhnera,Agra,Uttar Pradesh,rajasthan,81.0,high,address_names_other_state|over_50km_from_inferred_locality_anchor|address_does_not_name_query_locality
ChIJm9lrrN4eczkRLuHIKRAlVsU,Kashi Vishwanath Mandir,https://maps.google.com/?cid=14219593624819654958&g_mp=Cidnb29nbGUubWFwcy5wbGFjZXMudjEuUGxhY2VzLlNlYXJjaFRleHQQAhgEIAA,"M749+MJV, Delhi Gate Mohalla, Indira Colony, Kaman, Rajasthan 321022",Achhnera,Agra,Uttar Pradesh,rajasthan,71.7,high,address_names_other_state|over_50km_from_inferred_locality_anchor|address_does_not_name_query_locality
ChIJFUS0mg6RdTkROTPBll8woEw,Shiv Temple Banhar,https://maps.google.com/?cid=5521466330265498425&g_mp=Cidnb29nbGUubWFwcy5wbGFjZXMudjEuUGxhY2VzLlNlYXJjaFRleHQQAhgEIAA,"749Q+6WP, Mohabbatpur, Uttar Pradesh 205262",Bah,Agra,Uttar Pradesh,uttar pradesh,70.3,high,over_50km_from_inferred_locality_anchor|address_does_not_name_query_locality
ChIJW_FiEqhwdDkRyXV0Z6m8drg,Balkeshwar Mahadev Mandir,https://maps.google.com/?cid=13292018786001778121&g_mp=Cidnb29nbGUubWFwcy5wbGFjZXMudjEuUGxhY2VzLlNlYXJjaFRleHQQAhgEIAA,"Balkeshwar Ghat Wasan, 62CJ+567, Kailash Nagar, Rajwara, Kamla Nagar, Agra, Uttar Pradesh 282005",Bah,Agra,Uttar Pradesh,uttar pradesh,67.5,high,over_50km_from_inferred_locality_anchor|address_does_not_name_query_locality
ChIJzWL8fsZjdDkRhz_KOotOL4I,shiv temple,https://maps.google.com/?cid=9380802908729786247&g_mp=Cidnb29nbGUubWFwcy5wbGFjZXMudjEuUGxhY2VzLlNlYXJjaFRleHQQAhgEIAA,"955M+VVF, Barhan, Uttar Pradesh 283201",Bah,Agra,Uttar Pradesh,uttar pradesh,67.4,high,over_50km_from_inferred_locality_anchor|address_does_not_name_query_locality
ChIJTewiH9djdDkRHkhPiTb02YI,shiv mandir,https://maps.google.com/?cid=9428835809945929758&g_mp=Cidnb29nbGUubWFwcy5wbGFjZXMudjEuUGxhY2VzLlNlYXJjaFRleHQQAhgEIAA,"Village: gohila, post: barhan, distt: agra, uttar pradesh, pin code, 958X+F48, Uttar Pradesh 283201",Bah,Agra,Uttar Pradesh,uttar pradesh,67.2,high,over_50km_from_inferred_locality_anchor|address_does_not_name_query_locality
ChIJ-wk6JCSfdDkRrFjaKuulcpc,vishwanath Temple Agorana,https://maps.google.com/?cid=10912967276526983340&g_mp=Cidnb29nbGUubWFwcy5wbGFjZXMudjEuUGxhY2VzLlNlYXJjaFRleHQQAhgEIAA,"iglas, P2M3+RPX, Agorna, Agorana, Uttar Pradesh 202124",Achhnera,Agra,Uttar Pradesh,uttar pradesh,66.6,high,over_50km_from_inferred_locality_anchor|address_does_not_name_query_locality
ChIJa4NfGi13dDkRcnaUHNvUj04,"Shri Mankameshwar Temple, Agra",https://maps.google.com/?cid=5660977294170420850&g_mp=Cidnb29nbGUubWFwcy5wbGFjZXMudjEuUGxhY2VzLlNlYXJjaFRleHQQAhgEIAA,"Daresi Rd, Rawatpara, Sheb Bazar, Mantola, Agra, Uttar Pradesh 282003",Bah,Agra,Uttar Pradesh,uttar pradesh,66.3,high,over_50km_from_inferred_locality_anchor|address_does_not_name_query_locality
ChIJYeUAlJSRdDkR7hgbH02GQno,Vishwanath mahadev Mandir,https://maps.google.com/?cid=8809751486882584814&g_mp=Cidnb29nbGUubWFwcy5wbGFjZXMudjEuUGxhY2VzLlNlYXJjaFRleHQQAhgEIAA,"M42Q+PPR, Unnamed Road, Dariyapur, Uttar Pradesh 204102",Achhnera,Agra,Uttar Pradesh,uttar pradesh,64.9,high,over_50km_from_inferred_locality_anchor|address_does_not_name_query_locality
ChIJIyQA1ZxFdDkR-cQqVEndSUg,Vishwanath Mahadev Mandir,https://maps.google.com/?cid=5208937751045129465&g_mp=Cidnb29nbGUubWFwcy5wbGFjZXMudjEuUGxhY2VzLlNlYXJjaFRleHQQAhgEIAA,"5CP5+Q7H, Gonch, Uttar Pradesh 283203",Achhnera,Agra,Uttar Pradesh,uttar pradesh,64.6,high,over_50km_from_inferred_locality_anchor|address_does_not_name_query_locality
ChIJu_nhOqxGdDkRzKawkgygZZE,Shri Vishwanath Mahadev Mandir,https://maps.google.com/?cid=10476956084008429260&g_mp=Cidnb29nbGUubWFwcy5wbGFjZXMudjEuUGxhY2VzLlNlYXJjaFRleHQQAhgEIAA,"592Q+MJG, Nai Basti Rd, Near Karbala Ki Pulia, Nai Basti, Firozabad, Uttar Pradesh 283203",Achhnera,Agra,Uttar Pradesh,uttar pradesh,62.8,high,over_50km_from_inferred_locality_anchor|address_does_not_name_query_locality
ChIJO6SiciJxdDkR7D7yxKxQBy0,S n bhole nath mandir,https://maps.google.com/?cid=3244650759512538860&g_mp=Cidnb29nbGUubWFwcy5wbGFjZXMudjEuUGxhY2VzLlNlYXJjaFRleHQQAhgEIAA,"5353+5F4, Agra - Bah Rd, Tajganj, अभयपुरा, Agra, Uttar Pradesh 282006",Bah,Agra,Uttar Pradesh,uttar pradesh,61.8,high,over_50km_from_inferred_locality_anchor
ChIJTX4xsKxxdDkRCvrkorXgGOg,Shiv Temple,https://maps.google.com/?cid=16724364286966954506&g_mp=Cidnb29nbGUubWFwcy5wbGFjZXMudjEuUGxhY2VzLlNlYXJjaFRleHQQAhgEIAA,"532F+36H, Agra - Bah Rd, Tajganj, Agra, Uttar Pradesh 282004",Bah,Agra,Uttar Pradesh,uttar pradesh,59.7,high,over_50km_from_inferred_locality_anchor
ChIJd-O8Ey3LczkRn-OBUc7CHPs,"""सोमेश्वर महादेव मन्दिर""",https://maps.google.com/?cid=18094551594254328735&g_mp=Cidnb29nbGUubWFwcy5wbGFjZXMudjEuUGxhY2VzLlNlYXJjaFRleHQQAhgEIAA,"W78P+M7G, हनुमान मार्ग, शिव कॉलोनी, बयाना, राजस्थान 321401",Achhnera,Agra,Uttar Pradesh,rajasthan,54.8,high,address_names_other_state|over_50km_from_inferred_locality_anchor|address_does_not_name_query_locality
ChIJs_HpFadhdDkRPaE19CXwMJY,Pracheen Mahadev Mandir Shivalaya Tehu,https://maps.google.com/?cid=10822413950372913469&g_mp=Cidnb29nbGUubWFwcy5wbGFjZXMudjEuUGxhY2VzLlNlYXJjaFRleHQQAhgEIAA,"96HJ+RQW, Aharan, Uttar Pradesh 283201",Achhnera,Agra,Uttar Pradesh,uttar pradesh,52.2,high,over_50km_from_inferred_locality_anchor|address_does_not_name_query_locality
ChIJuapcnqeFdDkR7n1W6KDZtnQ,Mandir Shri Vishwanath Mahadev,https://maps.google.com/?cid=8410148639276957166&g_mp=Cidnb29nbGUubWFwcy5wbGFjZXMudjEuUGxhY2VzLlNlYXJjaFRleHQQAhgEIAA,"G23C+R8G, Unnamed Road, Nagla Dana, Uttar Pradesh 204101",Achhnera,Agra,Uttar Pradesh,uttar pradesh,44.8,medium,over_25km_from_inferred_locality_anchor|address_does_not_name_query_locality
ChIJtz1nVv-DdDkRH4vnLkVNfJk,"someshwar mahadev mandir, arjunpur",https://maps.google.com/?cid=11059799744450104095&g_mp=Cidnb29nbGUubWFwcy5wbGFjZXMudjEuUGxhY2VzLlNlYXJjaFRleHQQAhgEIAA,"G239+HQ6, Nagla Dana, Uttar Pradesh 204101",Achhnera,Agra,Uttar Pradesh,uttar pradesh,44.7,medium,over_25km_from_inferred_locality_anchor|address_does_not_name_query_locality
ChIJZflAPABxczkR0LoYWVpKWcc,Someshwara Mahadev Mandir,https://maps.google.com/?cid=14364594238377212624&g_mp=Cidnb29nbGUubWFwcy5wbGFjZXMudjEuUGxhY2VzLlNlYXJjaFRleHQQAhgEIAA,"GM35+X8H, Gopalpur Gaon, Shashtri Nagar, Mathura, Uttar Pradesh 281001",Achhnera,Agra,Uttar Pradesh,uttar pradesh,37.6,medium,over_25km_from_inferred_locality_anchor|address_does_not_name_query_locality
ChIJ0_FFQwBzczkR_2w5la2aDks,Haidakhan Vishwanath Madhuban Mandir.Maholi,https://maps.google.com/?cid=5408430272842132735&g_mp=Cidnb29nbGUubWFwcy5wbGFjZXMudjEuUGxhY2VzLlNlYXJjaFRleHQQAhgEIAA,"FJ6X+C4R, Maholi, Mathura, Uttar Pradesh 281004",Achhnera,Agra,Uttar Pradesh,uttar pradesh,33.3,medium,over_25km_from_inferred_locality_anchor|address_does_not_name_query_locality
ChIJZa25F99_czkRYHWX271tSlQ,Rudreshwar Mahadev Mandir,https://maps.google.com/?cid=6073787709662917984&g_mp=Cidnb29nbGUubWFwcy5wbGFjZXMudjEuUGxhY2VzLlNlYXJjaFRleHQQAhgEIAA,"CVPP+7QF, Dagheta, Uttar Pradesh 281301",Achhnera,Agra,Uttar Pradesh,uttar pradesh,31.5,medium,over_25km_from_inferred_locality_anchor|address_does_not_name_query_locality
ChIJMQPQeCl7dDkRxXrmlLTLfRw,Tedeshwar Mahadev Mandir,https://maps.google.com/?cid=2053020981603498693&g_mp=Cidnb29nbGUubWFwcy5wbGFjZXMudjEuUGxhY2VzLlNlYXJjaFRleHQQAhgEIAA,"725Q+R74, Poiya, Uttar Pradesh 283126",Achhnera,Agra,Uttar Pradesh,uttar pradesh,29.4,medium,over_25km_from_inferred_locality_anchor|address_does_not_name_query_locality
ChIJgZzm55NwdDkRzPhIVv1ecjk,Pracheen Mandir,https://maps.google.com/?cid=4139475449674266828&g_mp=Cidnb29nbGUubWFwcy5wbGFjZXMudjEuUGxhY2VzLlNlYXJjaFRleHQQAhgEIAA,"624X+4QP, Rambagh, Trans Yamuna Colony, Agra, Uttar Pradesh 282006",Achhnera,Agra,Uttar Pradesh,uttar pradesh,29.3,medium,over_25km_from_inferred_locality_anchor|address_does_not_name_query_locality
ChIJv6Tv20FxdDkRSiA40Z2fy0Y,Prachin Rajeshwar Mahadev Mandir,https://maps.google.com/?cid=5101346503096016970&g_mp=Cidnb29nbGUubWFwcy5wbGFjZXMudjEuUGxhY2VzLlNlYXJjaFRleHQQAhgEIAA,"Rajeshwar Mandir, रोड, अनंतपुरम, इन्द्रपुरम, कावेरी विहार फेस II, शमसाबाद, आगरा, उत्तर प्रदेश 282001",Achhnera,Agra,Uttar Pradesh,uttar pradesh,28.8,medium,over_25km_from_inferred_locality_anchor|address_does_not_name_query_locality
ChIJlR4-MhhxdDkRcEBLlHRtIx8,Dalihai Mandir Hindu Temple,https://maps.google.com/?cid=2243757386832232560&g_mp=Cidnb29nbGUubWFwcy5wbGFjZXMudjEuUGxhY2VzLlNlYXJjaFRleHQQAhgEIAA,"527V+M5V, Dalihai, Paktola, Tajganj, Agra, Uttar Pradesh 282001",Achhnera,Agra,Uttar Pradesh,uttar pradesh,28.5,medium,over_25km_from_inferred_locality_anchor|address_does_not_name_query_locality
ChIJbRG2XdF1czkRou614uc8Iog,Baba Vishwanath Mandir,https://maps.google.com/?cid=9809469905005047458&g_mp=Cidnb29nbGUubWFwcy5wbGFjZXMudjEuUGxhY2VzLlNlYXJjaFRleHQQAhgEIAA,"CJ7W+7JQ, Dhangaon, Uttar Pradesh 281005",Achhnera,Agra,Uttar Pradesh,uttar pradesh,28.3,medium,over_25km_from_inferred_locality_anchor|address_does_not_name_query_locality
ChIJTyv_5hNxdDkRHsz8NHIGAf8,Shri Siddheshwar Mahadev Mandir,https://maps.google.com/?cid=18374975042233355294&g_mp=Cidnb29nbGUubWFwcy5wbGFjZXMudjEuUGxhY2VzLlNlYXJjaFRleHQQAhgEIAA,"35/55, Kachchi Sarai Rd, Shaheed Nagar, Tajganj, Agra, Uttar Pradesh 282001",Achhnera,Agra,Uttar Pradesh,uttar pradesh,28.3,medium,over_25km_from_inferred_locality_anchor|address_does_not_name_query_locality
ChIJE-FnvSBxdDkRnGCazg3u42A,Prachin Bhairo Temple,https://maps.google.com/?cid=6981685590422610076&g_mp=Cidnb29nbGUubWFwcy5wbGFjZXMudjEuUGxhY2VzLlNlYXJjaFRleHQQAhgEIAA,"52GQ+463, Dharmapuri, Forest Colony, Tajganj, Agra, Uttar Pradesh 282001",Achhnera,Agra,Uttar Pradesh,uttar pradesh,28.0,medium,over_25km_from_inferred_locality_anchor|address_does_not_name_query_locality
ChIJnRZssyRxdDkRb1HQducm14w,Mamleshwar Mahadev,https://maps.google.com/?cid=10148623060875366767&g_mp=Cidnb29nbGUubWFwcy5wbGFjZXMudjEuUGxhY2VzLlNlYXJjaFRleHQQAhgEIAA,"527P+R8R, Taj Rd, Near Howard Park Plaza, Purani Mandi, 15th Battallion PAC Quaters, Khairati Tola, Agra, Uttar Pradesh 282001",Achhnera,Agra,Uttar Pradesh,uttar pradesh,27.8,medium,over_25km_from_inferred_locality_anchor|address_does_not_name_query_locality
ChIJJ284sUVxdDkRQQUHtnNRCdY,Shree Kailash Mahadev Rajpur Chungi,https://maps.google.com/?cid=15422947956323976513&g_mp=Cidnb29nbGUubWFwcy5wbGFjZXMudjEuUGxhY2VzLlNlYXJjaFRleHQQAhgEIAA,"42VM+W8X, Kaulakha - Ukharra Rd, Rajpur Chungi, Ukharra, Sainik Nagar, Agra, Uttar Pradesh 282001",Achhnera,Agra,Uttar Pradesh,uttar pradesh,27.8,medium,over_25km_from_inferred_locality_anchor|address_does_not_name_query_locality
ChIJN_zn6w9xdDkRLPAtvQpC3_Q,Achleshwar Mahadev Temple,https://maps.google.com/?cid=17644894478951903276&g_mp=Cidnb29nbGUubWFwcy5wbGFjZXMudjEuUGxhY2VzLlNlYXJjaFRleHQQAhgEIAA,"52XH+RHV, Krishna Colony, Agra, Uttar Pradesh 282003",Achhnera,Agra,Uttar Pradesh,uttar pradesh,27.2,medium,over_25km_from_inferred_locality_anchor|address_does_not_name_query_locality
ChIJo6d_bIIKdDkRUv_TyHDp1UE,Shri Ishwar Maharaj Temple,https://maps.google.com/?cid=4743954453119631186&g_mp=Cidnb29nbGUubWFwcy5wbGFjZXMudjEuUGxhY2VzLlNlYXJjaFRleHQQAhgEIAA,"Nagla purohit, Birai, Saiyan, Uttar Pradesh 283124",Achhnera,Agra,Uttar Pradesh,uttar pradesh,27.2,medium,over_25km_from_inferred_locality_anchor|address_does_not_name_query_locality
ChIJ2abtEs1xdDkRMOB2W7RDulU,Shir Kamleshwar naath Mahadev Temple,https://maps.google.com/?cid=6177324280799748144&g_mp=Cidnb29nbGUubWFwcy5wbGFjZXMudjEuUGxhY2VzLlNlYXJjaFRleHQQAhgEIAA,"627G+XHV, Natrajpuram, Balkeshwar Colony, Kamla Nagar, Agra, Uttar Pradesh 282005",Achhnera,Agra,Uttar Pradesh,uttar pradesh,27.1,medium,over_25km_from_inferred_locality_anchor|address_does_not_name_query_locality
ChIJa_jkfbFwdDkR6iwNVhiL_aA,Langde Ki Chowki Prachin Hanuman Mandir Agra,https://maps.google.com/?cid=11600581151815445738&g_mp=Cidnb29nbGUubWFwcy5wbGFjZXMudjEuUGxhY2VzLlNlYXJjaFRleHQQAhgEIAA,"HIG Flat, 19, Bypass Rd, Langre Ki Chowki Chouraha, Langre Ki Chowki, Civil Lines, Agra, Uttar Pradesh 282003",Achhnera,Agra,Uttar Pradesh,uttar pradesh,26.9,medium,over_25km_from_inferred_locality_anchor|address_does_not_name_query_locality
ChIJfUyQ8MlwdDkR5SuZnQ6ruaA,"Shri Khatu Shyam Temple,",https://maps.google.com/?cid=11581475996021894117&g_mp=Cidnb29nbGUubWFwcy5wbGFjZXMudjEuUGxhY2VzLlNlYXJjaFRleHQQAhgEIAA,"road, Jeoni Mandi, Civil Lines, Agra, Uttar Pradesh 282003",Achhnera,Agra,Uttar Pradesh,uttar pradesh,26.8,medium,over_25km_from_inferred_locality_anchor|address_does_not_name_query_locality
ChIJ31YLXwpxdDkRFHxwImoxzHs,Baba Panchmukhi Mahadev Temple,https://maps.google.com/?cid=8920559293828201492&g_mp=Cidnb29nbGUubWFwcy5wbGFjZXMudjEuUGxhY2VzLlNlYXJjaFRleHQQAhgEIAA,"Belanganj, Civil Lines, Agra, Uttar Pradesh 282003",Achhnera,Agra,Uttar Pradesh,uttar pradesh,26.6,medium,over_25km_from_inferred_locality_anchor|address_does_not_name_query_locality
ChIJRwqlXxFxdDkRiqn7VzI-2uw,Dauji Temple,https://maps.google.com/?cid=17067022123819313546&g_mp=Cidnb29nbGUubWFwcy5wbGFjZXMudjEuUGxhY2VzLlNlYXJjaFRleHQQAhgEIAA,"6/132, Belanganj, Civil Lines, Agra, Uttar Pradesh 282003",Achhnera,Agra,Uttar Pradesh,uttar pradesh,26.6,medium,over_25km_from_inferred_locality_anchor|address_does_not_name_query_locality
ChIJJVVS-wh3dDkRZ6JNio7GdUs,Kaveri Kunj Temple,https://maps.google.com/?cid=5437470440627741287&g_mp=Cidnb29nbGUubWFwcy5wbGFjZXMudjEuUGxhY2VzLlNlYXJjaFRleHQQAhgEIAA,"Main Market, Kaveri Kunj Main Rd, near Kamla Nagar, Basanth Vihar, Kaveri Kunj, Kamla Nagar, Agra, Uttar Pradesh 282005",Achhnera,Agra,Uttar Pradesh,uttar pradesh,26.5,medium,over_25km_from_inferred_locality_anchor|address_does_not_name_query_locality
ChIJkzyzxzN3dDkR72kKbXjCROU,Vishwa Hindu Parishad Karyalay Agra,https://maps.google.com/?cid=16520543155583085039&g_mp=Cidnb29nbGUubWFwcy5wbGFjZXMudjEuUGxhY2VzLlNlYXJjaFRleHQQAhgEIAA,"52Q8+Q28, Seo ka Bazar, Rawatpara, Bodhi Ka Nagala, Mantola, Agra, Uttar Pradesh 282003",Achhnera,Agra,Uttar Pradesh,uttar pradesh,25.7,medium,over_25km_from_inferred_locality_anchor|address_does_not_name_query_locality
ChIJ81mFjLd3dDkRs-dQi_ZIj4w,Mahadev Ka Mandir,https://maps.google.com/?cid=10128394310716024755&g_mp=Cidnb29nbGUubWFwcy5wbGFjZXMudjEuUGxhY2VzLlNlYXJjaFRleHQQAhgEIAA,"52G6+M3R, Chhipitola, Rakabganj, Agra, Uttar Pradesh 282001",Achhnera,Agra,Uttar Pradesh,uttar pradesh,25.2,medium,over_25km_from_inferred_locality_anchor|address_does_not_name_query_locality
ChIJuy_qVgB1dDkR9zDBWEWAUOo,Pracheen Shiv Mandir. प्राचीन शिव मंदिर,https://maps.google.com/?cid=16884136038342144247&g_mp=Cidnb29nbGUubWFwcy5wbGFjZXMudjEuUGxhY2VzLlNlYXJjaFRleHQQAhgEIAA,"4X6X+24Q, Chennai - Delhi Hwy, New Suraksha Vihar Phase 1, Rohta, Agra, Uttar Pradesh 282009",Achhnera,Agra,Uttar Pradesh,uttar pradesh,25.2,medium,over_25km_from_inferred_locality_anchor|address_does_not_name_query_locality
ChIJl4y-IgB3dDkRxCQHpyzYtEU,Rawali mahadev,https://maps.google.com/?cid=5022877170717369540&g_mp=Cidnb29nbGUubWFwcy5wbGFjZXMudjEuUGxhY2VzLlNlYXJjaFRleHQQAhgEIAA,"164, Namner, Rakabganj, Agra, Uttar Pradesh 282001",Achhnera,Agra,Uttar Pradesh,uttar pradesh,24.9,medium,address_does_not_name_query_locality
ChIJw0k9tCd3dDkRx8L1Z6wN1HU,Rawli Temple Agra,https://maps.google.com/?cid=8490426231629923015&g_mp=Cidnb29nbGUubWFwcy5wbGFjZXMudjEuUGxhY2VzLlNlYXJjaFRleHQQAhgEIAA,"Mahatma Gandhi Rd, Panchkuian, Rakabganj, Agra, Uttar Pradesh 282001",Achhnera,Agra,Uttar Pradesh,uttar pradesh,24.9,medium,address_does_not_name_query_locality
ChIJlTDG2zx3dDkRyyQwvvur2fM,Shri Someshwar Nath Temple,https://maps.google.com/?cid=17571264518878667979&g_mp=Cidnb29nbGUubWFwcy5wbGFjZXMudjEuUGxhY2VzLlNlYXJjaFRleHQQAhgEIAA,"Raja Mandi, Gokul Pura, Agra, Uttar Pradesh 282002, India",Achhnera,Agra,Uttar Pradesh,uttar pradesh,24.2,medium,address_does_not_name_query_locality
ChIJ0bUgvUJ3dDkRYpbQiBuxuKg,Someshwar Nath Mahadev Mandir,https://maps.google.com/?cid=12157661925904258658&g_mp=Cidnb29nbGUubWFwcy5wbGFjZXMudjEuUGxhY2VzLlNlYXJjaFRleHQQAhgEIAA,"6X4W+5QH, Raja Balwant Singh Rd, lathpat Kunj, Khandari, Agra, Uttar Pradesh 282002",Achhnera,Agra,Uttar Pradesh,uttar pradesh,24.1,medium,address_does_not_name_query_locality
ChIJ7U6tFj53dDkR8cZ69j_alYA,Shiv Mandir,https://maps.google.com/?cid=9265551776637699825&g_mp=Cidnb29nbGUubWFwcy5wbGFjZXMudjEuUGxhY2VzLlNlYXJjaFRleHQQAhgEIAA,"282002, 30/162, Kidwai Park Rd, Raja Mandi, Raja ki Mandi, Shahganj, Agra, Uttar Pradesh 282002",Achhnera,Agra,Uttar Pradesh,uttar pradesh,24.0,medium,address_does_not_name_query_locality
ChIJv-rtIAB3dDkRWlgdIm_sHQ8,Mahadev temple 🛕,https://maps.google.com/?cid=1089286646951401562&g_mp=Cidnb29nbGUubWFwcy5wbGFjZXMudjEuUGxhY2VzLlNlYXJjaFRleHQQAhgEIAA,"24/168, Naya Bans, Sirki Mandi, Shahganj, Agra, Uttar Pradesh 282002",Achhnera,Agra,Uttar Pradesh,uttar pradesh,23.6,medium,address_does_not_name_query_locality
ChIJr8x1_mN3dDkR6C3pvXirj5E,Vaishno Mata Mandir,https://maps.google.com/?cid=10488790592239775208&g_mp=Cidnb29nbGUubWFwcy5wbGFjZXMudjEuUGxhY2VzLlNlYXJjaFRleHQQAhgEIAA,"6X7R+597, Sheetla Rd, Kendriya Hindi Sansthan Marg, Lawyer's Colony, Agra, Uttar Pradesh 282005",Achhnera,Agra,Uttar Pradesh,uttar pradesh,23.6,medium,address_does_not_name_query_locality
ChIJK2UXJ1F_dDkRkAxG98NLePI,"Vankhandi Mahadev Temple, Midhawali",https://maps.google.com/?cid=17471798059423108240&g_mp=Cidnb29nbGUubWFwcy5wbGFjZXMudjEuUGxhY2VzLlNlYXJjaFRleHQQAhgEIAA,"8W7M+VW7, Midhawali, Uttar Pradesh 281302",Achhnera,Agra,Uttar Pradesh,uttar pradesh,23.4,medium,address_does_not_name_query_locality
ChIJGyUIyLd5dDkRwwIKdsVMG8k,Bankhandi mahadev,https://maps.google.com/?cid=14491260636967338691&g_mp=Cidnb29nbGUubWFwcy5wbGFjZXMudjEuUGxhY2VzLlNlYXJjaFRleHQQAhgEIAA,"6/312, Village, Ganesh Vihar, Sikandra, Agra, Uttar Pradesh 282007",Achhnera,Agra,Uttar Pradesh,uttar pradesh,22.6,medium,address_does_not_name_query_locality
ChIJLykflg93dDkR7NaE6H9_UmY,Chintaharan Mahadev Mandir,https://maps.google.com/?cid=7373095727297517292&g_mp=Cidnb29nbGUubWFwcy5wbGFjZXMudjEuUGxhY2VzLlNlYXJjaFRleHQQAhgEIAA,"Jaipur House, 5XMM+MC5, Amba Prasad Rd, Teachers Colony, Alok Nagar, Hasanpur, Shahganj, Agra, Uttar Pradesh 282002",Achhnera,Agra,Uttar Pradesh,uttar pradesh,22.6,medium,address_does_not_name_query_locality
ChIJp2S-afp2dDkRhf5fvkrbaSk,Shiv Mandir,https://maps.google.com/?cid=2984157342177689221&g_mp=Cidnb29nbGUubWFwcy5wbGFjZXMudjEuUGxhY2VzLlNlYXJjaFRleHQQAhgEIAA,"5X6J+CH4, Jagner Rd, Kheria Mode, Ajit Nagar, Arjun Nagar, Agra, Uttar Pradesh 282001",Achhnera,Agra,Uttar Pradesh,uttar pradesh,22.5,medium,address_does_not_name_query_locality
ChIJadCNXVx3dDkROubexX0sc8o,Shri Neelkanth mahadev mandir,https://maps.google.com/?cid=14588052536685422138&g_mp=Cidnb29nbGUubWFwcy5wbGFjZXMudjEuUGxhY2VzLlNlYXJjaFRleHQQAhgEIAA,"5X8J+79H, Dashrath Kunj - B, Jodha Bai ka Rauza, Arjun Nagar, Agra, Uttar Pradesh 282001",Achhnera,Agra,Uttar Pradesh,uttar pradesh,22.4,medium,address_does_not_name_query_locality
ChIJ6wRnKUZ3dDkRFQu4DpdpMJw,Prithvi Nath Mahadev Temple,https://maps.google.com/?cid=11254611566306790165&g_mp=Cidnb29nbGUubWFwcy5wbGFjZXMudjEuUGxhY2VzLlNlYXJjaFRleHQQAhgEIAA,"LR Residency, Fatehpur Sikri Rd, Prithvinath Mandir, Ashok Vihar, Kedar Nagar, Shahganj, Agra, Uttar Pradesh 282010",Achhnera,Agra,Uttar Pradesh,uttar pradesh,21.8,medium,address_does_not_name_query_locality
ChIJ9RqdlWF2dDkRbYMruAbj9pQ,Shri Chintaharan Mahadev Mandir,https://maps.google.com/?cid=10734016379883324269&g_mp=Cidnb29nbGUubWFwcy5wbGFjZXMudjEuUGxhY2VzLlNlYXJjaFRleHQQAhgEIAA,"4XVC+4WJ, Jagner Rd, Azizpura, Agra, Uttar Pradesh 282001",Achhnera,Agra,Uttar Pradesh,uttar pradesh,21.8,medium,address_does_not_name_query_locality
ChIJH7c0UBx3dDkRgdW5eduZY9c,Shri Rangeshwar Mahadev Temple,https://maps.google.com/?cid=15520417908767970689&g_mp=Cidnb29nbGUubWFwcy5wbGFjZXMudjEuUGxhY2VzLlNlYXJjaFRleHQQAhgEIAA,"138, Nai Abadi, Jagdish Pura, Lohamandi, Agra, Uttar Pradesh 282002",Achhnera,Agra,Uttar Pradesh,uttar pradesh,21.7,medium,address_does_not_name_query_locality
ChIJ72cKt455dDkRNfGoA6cQRCw,Neelkanth Mahadev Mandir,https://maps.google.com/?cid=3189692745592140085&g_mp=Cidnb29nbGUubWFwcy5wbGFjZXMudjEuUGxhY2VzLlNlYXJjaFRleHQQAhgEIAA,"Amar ujala press, Kakraita Rd, Sikandra, Agra, Uttar Pradesh 282007",Achhnera,Agra,Uttar Pradesh,uttar pradesh,21.6,medium,address_does_not_name_query_locality
ChIJqRio7rl3dDkRKouvKzwGfqI,Old Shiv Mandir (1946),https://maps.google.com/?cid=11708802936710597418&g_mp=Cidnb29nbGUubWFwcy5wbGFjZXMudjEuUGxhY2VzLlNlYXJjaFRleHQQAhgEIAA,"Saray Bega, Transport Nagar, Agra, Uttar Pradesh 282007",Achhnera,Agra,Uttar Pradesh,uttar pradesh,21.6,medium,address_does_not_name_query_locality
ChIJY8XtwJ13dDkRpMITcRb3o5E,Shankar Garh Ki Bagichi,https://maps.google.com/?cid=10494503232461849252&g_mp=Cidnb29nbGUubWFwcy5wbGFjZXMudjEuUGxhY2VzLlNlYXJjaFRleHQQAhgEIAA,"5XHF+J8H, Kedar Nagar, Shahganj, Agra, Uttar Pradesh 282010",Achhnera,Agra,Uttar Pradesh,uttar pradesh,21.6,medium,address_does_not_name_query_locality
ChIJZURGJaZ3dDkR-U2eeNUGAWk,Jhulelal Mandir,https://maps.google.com/?cid=7566336362880585209&g_mp=Cidnb29nbGUubWFwcy5wbGFjZXMudjEuUGxhY2VzLlNlYXJjaFRleHQQAhgEIAA,"Mannu Vihar, 2nd Phase, Maruti Estate Road, Off, Bodla Rd, Manas Nagar, Badla Ki Sarai, Shahganj, Agra, Uttar Pradesh 282010",Achhnera,Agra,Uttar Pradesh,uttar pradesh,21.3,medium,address_does_not_name_query_locality
ChIJZyAj0RV3dDkRLNJNZfmtQVc,Katghareshwar Nath Mahadev Temple,https://maps.google.com/?cid=6287497841443983916&g_mp=Cidnb29nbGUubWFwcy5wbGFjZXMudjEuUGxhY2VzLlNlYXJjaFRleHQQAhgEIAA,"31/75, katghar, Lohamandi, Agra, Uttar Pradesh 282007",Achhnera,Agra,Uttar Pradesh,uttar pradesh,21.1,medium,address_does_not_name_query_locality
ChIJPadHJCp5dDkRKAcul3MAVVo,Bhawneshwar Mahadev Temple,https://maps.google.com/?cid=6509109332891535144&g_mp=Cidnb29nbGUubWFwcy5wbGFjZXMudjEuUGxhY2VzLlNlYXJjaFRleHQQAhgEIAA,"Bhawna Estate, Bain Bazar, Sikandra, Agra, Uttar Pradesh 282007",Achhnera,Agra,Uttar Pradesh,uttar pradesh,20.7,medium,address_does_not_name_query_locality
ChIJNatSMAB3dDkRFezLCbRAFR0,Omkareshwar Mahadev Temple Agra,https://maps.google.com/?cid=2095652343613484053&g_mp=Cidnb29nbGUubWFwcy5wbGFjZXMudjEuUGxhY2VzLlNlYXJjaFRleHQQAhgEIAA,"Ganpati ashiyana, Bain Bazar, Sikandra, Agra, Uttar Pradesh 282007",Achhnera,Agra,Uttar Pradesh,uttar pradesh,20.6,medium,address_does_not_name_query_locality
ChIJ_8LaRIV3dDkRh6p0R7YwZGM,Shiv Mandir,https://maps.google.com/?cid=7161902866866940551&g_mp=Cidnb29nbGUubWFwcy5wbGFjZXMudjEuUGxhY2VzLlNlYXJjaFRleHQQAhgEIAA,"5XH6+RVQ, Alwatiya Rd, Albatiya, Adwitiya Nagar, Shahganj, Agra, Uttar Pradesh 282010",Achhnera,Agra,Uttar Pradesh,uttar pradesh,20.5,medium,address_does_not_name_query_locality
ChIJhcxt3qx3dDkRSr20ShKXg44,MA VESHNO DEVI OR SHIV MANDIR,https://maps.google.com/?cid=10269217680153427274&g_mp=Cidnb29nbGUubWFwcy5wbGFjZXMudjEuUGxhY2VzLlNlYXJjaFRleHQQAhgEIAA,"5XH6+FGF, Adwitiya Nagar, Shahganj, Agra, Uttar Pradesh 282010",Achhnera,Agra,Uttar Pradesh,uttar pradesh,20.4,medium,address_does_not_name_query_locality
ChIJY-LsMbJ3dDkRqe6mAwte7iM,Shiva Temple,https://maps.google.com/?cid=2589110237183536809&g_mp=Cidnb29nbGUubWFwcy5wbGFjZXMudjEuUGxhY2VzLlNlYXJjaFRleHQQAhgEIAA,"1, Jawhar Puram, Deoretha, Navneet Nagar, Shahganj, Agra, Uttar Pradesh 282010",Achhnera,Agra,Uttar Pradesh,uttar pradesh,20.3,medium,address_does_not_name_query_locality
ChIJFRtMjGt4dDkRERk73jJHDms,Goral Bhairav Temple,https://maps.google.com/?cid=7714181495534590225&g_mp=Cidnb29nbGUubWFwcy5wbGFjZXMudjEuUGxhY2VzLlNlYXJjaFRleHQQAhgEIAA,"6WRW+M8G, Swami Mustkil, Uttar Pradesh 282007",Achhnera,Agra,Uttar Pradesh,uttar pradesh,20.2,medium,address_does_not_name_query_locality
ChIJKbPglxR3dDkRoQm0pmvm8-Q,Shiv Mandir,https://maps.google.com/?cid=16497783210020964769&g_mp=Cidnb29nbGUubWFwcy5wbGFjZXMudjEuUGxhY2VzLlNlYXJjaFRleHQQAhgEIAA,"Drpoati Bhawan 68, Baghel Gali, Genda Vihar ,Colony, Dorietha, no 1, Genda Lal Colony, Shahganj, Agra, Uttar Pradesh 282010",Achhnera,Agra,Uttar Pradesh,uttar pradesh,20.2,medium,address_does_not_name_query_locality
ChIJtdtDGiF3dDkRMEE3FMz05B8,Shiv Mandir,https://maps.google.com/?cid=2298230867215466800&g_mp=Cidnb29nbGUubWFwcy5wbGFjZXMudjEuUGxhY2VzLlNlYXJjaFRleHQQAhgEIAA,"5XQ5+6H3, Bodla, Lohamandi, Agra, Uttar Pradesh 282007",Achhnera,Agra,Uttar Pradesh,uttar pradesh,20.2,medium,address_does_not_name_query_locality
ChIJ_RAMpIx3dDkRwbCLssDzq5E,Shri Mahakaleshwar Mahadev Mandir & Shri Sani Dev Mandir,https://maps.google.com/?cid=10496751365471842497&g_mp=Cidnb29nbGUubWFwcy5wbGFjZXMudjEuUGxhY2VzLlNlYXJjaFRleHQQAhgEIAA,"52, Pandit Radharaman Satyavichitra Rd, Sikandra Railway Crossing, Vyas Ashram, Bodla Sikandra, Rishipuram Colony, Sikandra, Agra, Uttar Pradesh 282007",Achhnera,Agra,Uttar Pradesh,uttar pradesh,19.8,medium,address_does_not_name_query_locality
ChIJ0bo_Xot3dDkRk4kD-sR89r4,Shri Navardeshwar Mahadev Prachin Hanuman Mandir,https://maps.google.com/?cid=13760322896927099283&g_mp=Cidnb29nbGUubWFwcy5wbGFjZXMudjEuUGxhY2VzLlNlYXJjaFRleHQQAhgEIAA,"151, Sikandra-Bodla Rd, Sikandra Railway Crossing, Sector 16, Sikandra, Agra, Uttar Pradesh 282007",Achhnera,Agra,Uttar Pradesh,uttar pradesh,19.8,medium,address_does_not_name_query_locality
ChIJCwfCY2x4dDkRF7zok-t92Cg,Mota Mahadev Temple,https://maps.google.com/?cid=2943240807238908951&g_mp=Cidnb29nbGUubWFwcy5wbGFjZXMudjEuUGxhY2VzLlNlYXJjaFRleHQQAhgEIAA,"6WXQ+49J, Swami Mustkil, Sehat Khadar, Uttar Pradesh 282007",Achhnera,Agra,Uttar Pradesh,uttar pradesh,19.7,medium,address_does_not_name_query_locality
ChIJ3a86UwB3dDkRn831ekFgcd4,Mahadev Ji Maharaj Virajman Trust,https://maps.google.com/?cid=16028698383140375967&g_mp=Cidnb29nbGUubWFwcy5wbGFjZXMudjEuUGxhY2VzLlNlYXJjaFRleHQQAhgEIAA,"5X83+67X, Fatehpur Sikri Rd, Airport Area, Idgah Colony, Sucheta, Uttar Pradesh 282008",Achhnera,Agra,Uttar Pradesh,uttar pradesh,19.6,medium,address_does_not_name_query_locality
ChIJJ78eIHt5dDkRQ6kE2qppCoI,Prachin Shiv Mandir,https://maps.google.com/?cid=9370418157220833603&g_mp=Cidnb29nbGUubWFwcy5wbGFjZXMudjEuUGxhY2VzLlNlYXJjaFRleHQQAhgEIAA,"6W8X+P6Q, Tomb of Akbar The Great Area, Sikandra, Agra, Uttar Pradesh 282007",Achhnera,Agra,Uttar Pradesh,uttar pradesh,19.6,medium,address_does_not_name_query_locality
ChIJlbHyLEZ3dDkRH1YvP2-S8bk,Shiv Mandir,https://maps.google.com/?cid=13398651372903028255&g_mp=Cidnb29nbGUubWFwcy5wbGFjZXMudjEuUGxhY2VzLlNlYXJjaFRleHQQAhgEIAA,"5XG3+J7V, Pushpanjali Nagar Phase 3, Shahganj, Agra, Uttar Pradesh 282010",Achhnera,Agra,Uttar Pradesh,uttar pradesh,19.6,medium,address_does_not_name_query_locality
ChIJ6dqqDLZ3dDkRYI8OE3vJxVg,Mansarovar Colony Shiv Mandir,https://maps.google.com/?cid=6396740376187539296&g_mp=Cidnb29nbGUubWFwcy5wbGFjZXMudjEuUGxhY2VzLlNlYXJjaFRleHQQAhgEIAA,"5XF2+WXP, Deoretha 1, Shahganj, Agra, Uttar Pradesh 282010",Achhnera,Agra,Uttar Pradesh,uttar pradesh,19.5,medium,address_does_not_name_query_locality
ChIJNXWDhiCLczkRA-tzx0mYmeE,Shiv Mandir V. Naga,https://maps.google.com/?cid=16256191772616813315&g_mp=Cidnb29nbGUubWFwcy5wbGFjZXMudjEuUGxhY2VzLlNlYXJjaFRleHQQAhgEIAA,"2VVJ+9QW, Agra, Uttar Pradesh 283102",Achhnera,Agra,Uttar Pradesh,uttar pradesh,19.5,medium,address_does_not_name_query_locality
ChIJpQJeNwB5dDkRMLZql_gB_-0,Kailashnath Mahadev Temple,https://maps.google.com/?cid=17149428073254008368&g_mp=Cidnb29nbGUubWFwcy5wbGFjZXMudjEuUGxhY2VzLlNlYXJjaFRleHQQAhgEIAA,"6W8W+VM3, Radha Nagar, Sikandra, Agra, Uttar Pradesh 282007",Achhnera,Agra,Uttar Pradesh,uttar pradesh,19.4,medium,address_does_not_name_query_locality
ChIJYWyRXwt3dDkRAnbIkmThmPk,Shiv Mandir (Narayan Vihar),https://maps.google.com/?cid=17985372933979665922&g_mp=Cidnb29nbGUubWFwcy5wbGFjZXMudjEuUGxhY2VzLlNlYXJjaFRleHQQAhgEIAA,"6W3X+W98, Narain Vihar, Suruchipuram Colony, Sikandra, Agra, Bainpur Mustkil, Uttar Pradesh 282007",Achhnera,Agra,Uttar Pradesh,uttar pradesh,19.4,medium,address_does_not_name_query_locality
ChIJ61VGVQB5dDkR5GYpGx-5d2I,Vighna Haran Mahadev,https://maps.google.com/?cid=7095343281196328676&g_mp=Cidnb29nbGUubWFwcy5wbGFjZXMudjEuUGxhY2VzLlNlYXJjaFRleHQQAhgEIAA,"6W9V+VJ7, Krishna Colony, Mahadev Pur, Sikandra, Agra, Uttar Pradesh 282007",Achhnera,Agra,Uttar Pradesh,uttar pradesh,19.3,medium,address_does_not_name_query_locality
ChIJ0UXEo655dDkRcXEYwVdCRcg,Kailash Mahadev Mandir Agra,https://maps.google.com/?cid=14431013525647815025&g_mp=Cidnb29nbGUubWFwcy5wbGFjZXMudjEuUGxhY2VzLlNlYXJjaFRleHQQAhgEIAA,"Kailash mandir, Sikandra, Agra, Bainpur Mustkil, Uttar Pradesh 282007",Achhnera,Agra,Uttar Pradesh,uttar pradesh,19.1,medium,address_does_not_name_query_locality
ChIJ9Tvlckl5dDkRjA7d2dB37l8,Kailash Mandir,https://maps.google.com/?cid=6912594216952336012&g_mp=Cidnb29nbGUubWFwcy5wbGFjZXMudjEuUGxhY2VzLlNlYXJjaFRleHQQAhgEIAA,"kailash Mandir, Swami, Agra, Bainpur Mustkil, Uttar Pradesh 282007",Achhnera,Agra,Uttar Pradesh,uttar pradesh,19.1,medium,address_does_not_name_query_locality
ChIJLRNazct3dDkRKX-iOBZxfR0,Shiv Mandir,https://maps.google.com/?cid=2124978939442134825&g_mp=Cidnb29nbGUubWFwcy5wbGFjZXMudjEuUGxhY2VzLlNlYXJjaFRleHQQAhgEIAA,"5WFX+86X, Agra, Uttar Pradesh 282010",Achhnera,Agra,Uttar Pradesh,uttar pradesh,19.1,medium,address_does_not_name_query_locality
ChIJ_yTKLwB3dDkRw92rQ6HFUNE,कालकेश्वर महादेव मंदिर KALKESHWAR MAHADEV MANDIR,https://maps.google.com/?cid=15082772448479534531&g_mp=Cidnb29nbGUubWFwcy5wbGFjZXMudjEuUGxhY2VzLlNlYXJjaFRleHQQAhgEIAA,"Kalika, BRIJ VIHAR COLONY, 85 -B, BRIJ VIHAR COLONY, Amarpura, Sucheta, Agra, Uttar Pradesh 282010",Achhnera,Agra,Uttar Pradesh,uttar pradesh,19.1,medium,address_does_not_name_query_locality
ChIJa9zLpPF3dDkRUjQ6wVfABNU,Prachin Devi & Mahadev Temple,https://maps.google.com/?cid=15349604913121997906&g_mp=Cidnb29nbGUubWFwcy5wbGFjZXMudjEuUGxhY2VzLlNlYXJjaFRleHQQAhgEIAA,"6W3V+W98, Harish Nagar, Paschim Puri, Suruchipuram Colony, Sikandra, Agra, Bainpur Mustkil, Uttar Pradesh 282007",Achhnera,Agra,Uttar Pradesh,uttar pradesh,18.9,medium,address_does_not_name_query_locality
ChIJ3Rv6RfB3dDkRtUuhz5igvWE,Hanuman Mahadev Temple,https://maps.google.com/?cid=7042961970456251317&g_mp=Cidnb29nbGUubWFwcy5wbGFjZXMudjEuUGxhY2VzLlNlYXJjaFRleHQQAhgEIAA,"Shree Ram, Govind Vatika Rd, near Bhramkumari Ashram, Vivekanand Puram, Paschim Puri, Uttamgiri, Sikandra, Bainpur Mustkil, Agra, Uttar Pradesh 282007",Achhnera,Agra,Uttar Pradesh,uttar pradesh,18.7,medium,address_does_not_name_query_locality
ChIJFf1uUFh3dDkRBmJc9gKfJEA,Shiv Mandir,https://maps.google.com/?cid=4621993952660972038&g_mp=Cidnb29nbGUubWFwcy5wbGFjZXMudjEuUGxhY2VzLlNlYXJjaFRleHQQAhgEIAA,"6W3Q+XH6, Suruchipuram Colony, Sikandra, Agra, Uttar Pradesh 282007",Achhnera,Agra,Uttar Pradesh,uttar pradesh,18.4,medium,address_does_not_name_query_locality
ChIJBYs-ZBh2dDkR1odhyMqCQVQ,Shri Shri Kaka Shiv Mandir Balhera Agra,https://maps.google.com/?cid=6071277580128978902&g_mp=Cidnb29nbGUubWFwcy5wbGFjZXMudjEuUGxhY2VzLlNlYXJjaFRleHQQAhgEIAA,"4WVP+7VX, Jagner Road, Near Jagner Road, Basula Nagla, Balhera, Uttar Pradesh 283102",Achhnera,Agra,Uttar Pradesh,uttar pradesh,18.4,medium,address_does_not_name_query_locality
ChIJO6eiYOV5dDkRI08hQ2ZLtV4,Nageshwar Mahadev Mandir,https://maps.google.com/?cid=6824443712934858531&g_mp=Cidnb29nbGUubWFwcy5wbGFjZXMudjEuUGxhY2VzLlNlYXJjaFRleHQQAhgEIAA,"6W8P+23J, Traveni Rangoli Colony, Sikandra, Bainpur Mustkil, Uttar Pradesh 282007",Achhnera,Agra,Uttar Pradesh,uttar pradesh,18.3,medium,address_does_not_name_query_locality
ChIJN0AEAh12dDkRvd0xJNyoTpI,Shri Someshwar Mahadev Mandir,https://maps.google.com/?cid=10542549441174429117&g_mp=Cidnb29nbGUubWFwcy5wbGFjZXMudjEuUGxhY2VzLlNlYXJjaFRleHQQAhgEIAA,"Abhaypura, Malpura, Uttar Pradesh 283102, India",Achhnera,Agra,Uttar Pradesh,uttar pradesh,18.0,medium,address_does_not_name_query_locality
ChIJgQnGWACHczkR4Yv86vydrug,Shiv mandir,https://maps.google.com/?cid=16766512172346674145&g_mp=Cidnb29nbGUubWFwcy5wbGFjZXMudjEuUGxhY2VzLlNlYXJjaFRleHQQAhgEIAA,"7VGW+9Q4, Agra, Uttar Pradesh 282007",Achhnera,Agra,Uttar Pradesh,uttar pradesh,17.8,medium,address_does_not_name_query_locality
ChIJ2fg7nSh3dDkRWwvGbUyfZdA,Shree Galteshwar Mahadev Mandir,https://maps.google.com/?cid=15016583683144813403&g_mp=Cidnb29nbGUubWFwcy5wbGFjZXMudjEuUGxhY2VzLlNlYXJjaFRleHQQAhgEIAA,"Saloni Vatika Colony, Manghatai, Agra, Uttar Pradesh 282007",Achhnera,Agra,Uttar Pradesh,uttar pradesh,17.7,medium,address_does_not_name_query_locality
ChIJHxPZAqZ3dDkRbx0j9xm7t7s,Rameshwar Nath Mahadev Mandir,https://maps.google.com/?cid=13526485726025424239&g_mp=Cidnb29nbGUubWFwcy5wbGFjZXMudjEuUGxhY2VzLlNlYXJjaFRleHQQAhgEIAA,"5W6H+9MJ, Pathauli Village, Agra, Uttar Pradesh 283105",Achhnera,Agra,Uttar Pradesh,uttar pradesh,17.3,medium,address_does_not_name_query_locality
ChIJM5emZOmHczkRrrKcxKx1i-4,Shiv Mandir,https://maps.google.com/?cid=17188961787683058350&g_mp=Cidnb29nbGUubWFwcy5wbGFjZXMudjEuUGxhY2VzLlNlYXJjaFRleHQQAhgEIAA,"6WH5+8J5, Artoni Rd, Mohaniya Nagar, Artauni, Agra, Uttar Pradesh 282007",Achhnera,Agra,Uttar Pradesh,uttar pradesh,16.2,medium,address_does_not_name_query_locality
ChIJzRKANjCIczkRiMi5skuTeuA,Lord Shiva Temple,https://maps.google.com/?cid=16175402964984907912&g_mp=Cidnb29nbGUubWFwcy5wbGFjZXMudjEuUGxhY2VzLlNlYXJjaFRleHQQAhgEIAA,"5WF8+R5G, Bichpuri, Uttar Pradesh 283105",Achhnera,Agra,Uttar Pradesh,uttar pradesh,15.9,medium,address_does_not_name_query_locality
ChIJk-lONgCJczkR4tSNEfHtD-Y,Mahadev family temple,https://maps.google.com/?cid=16577730373011494114&g_mp=Cidnb29nbGUubWFwcy5wbGFjZXMudjEuUGxhY2VzLlNlYXJjaFRleHQQAhgEIAA,"5WC7+8MM, Bichpuri, Uttar Pradesh 283105",Achhnera,Agra,Uttar Pradesh,uttar pradesh,15.8,medium,address_does_not_name_query_locality
ChIJiayrVQCJczkRBI5f1hERG1U,Shri Narmadeshwar Mahadev Mandir,https://maps.google.com/?cid=6132514085903764996&g_mp=Cidnb29nbGUubWFwcy5wbGFjZXMudjEuUGxhY2VzLlNlYXJjaFRleHQQAhgEIAA,"5W97+8VX, Bichpuri, Uttar Pradesh 283105",Achhnera,Agra,Uttar Pradesh,uttar pradesh,15.8,medium,address_does_not_name_query_locality
ChIJH3nADgCHczkR6BXcSolcRK0,Om Shiv Omkareshwar Dakshin Mukhi Sri Hanuman mandir Agra,https://maps.google.com/?cid=12485205811714069992&g_mp=Cidnb29nbGUubWFwcy5wbGFjZXMudjEuUGxhY2VzLlNlYXJjaFRleHQQAhgEIAA,"Om shiv residency, Artauni, Akabara, Agra, Uttar Pradesh 282007",Achhnera,Agra,Uttar Pradesh,uttar pradesh,15.4,medium,address_does_not_name_query_locality
ChIJfe_KkWOJczkRsTTS5DQIsS0,Shiv Mandir,https://maps.google.com/?cid=3292421825854846129&g_mp=Cidnb29nbGUubWFwcy5wbGFjZXMudjEuUGxhY2VzLlNlYXJjaFRleHQQAhgEIAA,"4VHX+PW7, Agra, Uttar Pradesh 283102",Achhnera,Agra,Uttar Pradesh,uttar pradesh,15.3,medium,address_does_not_name_query_locality
ChIJU3LUegCDczkRYMOx8RLoetE,Shri Yamuneshwar Mahadev Temple,https://maps.google.com/?cid=15094632269147652960&g_mp=Cidnb29nbGUubWFwcy5wbGFjZXMudjEuUGxhY2VzLlNlYXJjaFRleHQQAhgEIAA,"7RWG+WH, Bhadaya, Uttar Pradesh 281302",Achhnera,Agra,Uttar Pradesh,uttar pradesh,15.0,medium,address_does_not_name_query_locality
ChIJvTE12EqJczkRXt-eIzWGqhA,Himeshwar Mahadev Mandir Jaupura Panwari Agra,https://maps.google.com/?cid=1200919813436661598&g_mp=Cidnb29nbGUubWFwcy5wbGFjZXMudjEuUGxhY2VzLlNlYXJjaFRleHQQAhgEIAA,"Jaupura, Agra, Uttar Pradesh 283105",Achhnera,Agra,Uttar Pradesh,uttar pradesh,14.7,medium,address_does_not_name_query_locality
ChIJcQqrukA7dDkRxi_ssfUDNqw,Ratauti pachhaygaon bah agra,https://maps.google.com/?cid=12409110177052897222&g_mp=Cidnb29nbGUubWFwcy5wbGFjZXMudjEuUGxhY2VzLlNlYXJjaFRleHQQAhgEIAA,"WFM4+RX5, Rd, Ratauti, Uttar Pradesh 283113",Bah,Agra,Uttar Pradesh,uttar pradesh,14.7,medium,address_does_not_name_query_locality
ChIJS48ZyMmHczkRokRGQJhH0ss,Mahadev ka mandir,https://maps.google.com/?cid=14686880054047556770&g_mp=Cidnb29nbGUubWFwcy5wbGFjZXMudjEuUGxhY2VzLlNlYXJjaFRleHQQAhgEIAA,"tile wale, renuka dham, hanuman mandir, Agra, Uttar Pradesh 282007",Achhnera,Agra,Uttar Pradesh,uttar pradesh,14.5,medium,address_does_not_name_query_locality
ChIJscxBfADHdTkRkVPHdfpxDFQ,MANOKAMNA SHIV MANDIR,https://maps.google.com/?cid=6056340919438234513&g_mp=Cidnb29nbGUubWFwcy5wbGFjZXMudjEuUGxhY2VzLlNlYXJjaFRleHQQAhgEIAA,"3VV8+4FG, Nagla Maharam, Uttar Pradesh 283110",Achhnera,Agra,Uttar Pradesh,uttar pradesh,14.5,medium,address_does_not_name_query_locality
ChIJT66yDPiHczkRH12nR4iKaS4,Shani Dev Mandir (Renuka Dham) Rankata Agra,https://maps.google.com/?cid=3344356516221639967&g_mp=Cidnb29nbGUubWFwcy5wbGFjZXMudjEuUGxhY2VzLlNlYXJjaFRleHQQAhgEIAA,"7V2F+CW2, sanidev Road, आगरा, उत्तर प्रदेश 282007",Achhnera,Agra,Uttar Pradesh,uttar pradesh,14.4,medium,address_does_not_name_query_locality
ChIJI4fbdrMldDkR9AOYISjTN5A,Lodi mata mandir (parashar house) Tal ka pura Bashoni bah Agra 283123,https://maps.google.com/?cid=10392006834496472052&g_mp=Cidnb29nbGUubWFwcy5wbGFjZXMudjEuUGxhY2VzLlNlYXJjaFRleHQQAhgEIAA,"RFH6+57, Basoni, Uttar Pradesh 283113",Bah,Agra,Uttar Pradesh,uttar pradesh,13.5,medium,address_does_not_name_query_locality
ChIJiRk8k3yHczkRZrpB4WqosW4,Shiv Mandir,https://maps.google.com/?cid=7976341592049039974&g_mp=Cidnb29nbGUubWFwcy5wbGFjZXMudjEuUGxhY2VzLlNlYXJjaFRleHQQAhgEIAA,"6VPF+V5M, Runkata, Uttar Pradesh 282007",Achhnera,Agra,Uttar Pradesh,uttar pradesh,13.4,medium,address_does_not_name_query_locality
ChIJITreHQCLczkR0qBSxg3fZEo,Shiv ji mandir,https://maps.google.com/?cid=5360654706732605650&g_mp=Cidnb29nbGUubWFwcy5wbGFjZXMudjEuUGxhY2VzLlNlYXJjaFRleHQQAhgEIAA,"4V35+PHQ, Nagla Sikarwar, Uttar Pradesh 283105",Achhnera,Agra,Uttar Pradesh,uttar pradesh,13.1,medium,address_does_not_name_query_locality
ChIJTZolGniJczkRHeXF_nSlvEs,Shiv temple Nagla Bhalara,https://maps.google.com/?cid=5457418770375370013&g_mp=Cidnb29nbGUubWFwcy5wbGFjZXMudjEuUGxhY2VzLlNlYXJjaFRleHQQAhgEIAA,"4VQC+WM7, Agra, Uttar Pradesh 283105",Achhnera,Agra,Uttar Pradesh,uttar pradesh,12.3,medium,address_does_not_name_query_locality
ChIJefNDM_mFczkRqT98HHMiJN4,Shiv mandir,https://maps.google.com/?cid=16006956853376073641&g_mp=Cidnb29nbGUubWFwcy5wbGFjZXMudjEuUGxhY2VzLlNlYXJjaFRleHQQAhgEIAA,"7RF6+MR2, Raipura Jat, Uttar Pradesh 281302",Achhnera,Agra,Uttar Pradesh,uttar pradesh,12.1,medium,address_does_not_name_query_locality
ChIJAQAAwEOMczkR2fWZNuHLols,Shiv Temple Jaingara,https://maps.google.com/?cid=6603064171822708185&g_mp=Cidnb29nbGUubWFwcy5wbGFjZXMudjEuUGxhY2VzLlNlYXJjaFRleHQQAhgEIAA,"3RJ5+4HR, Jaingara, Uttar Pradesh 283110",Achhnera,Agra,Uttar Pradesh,uttar pradesh,12.1,medium,address_does_not_name_query_locality
ChIJcY5sIY-IczkRfrU9W5KULd0,Shideswar Mahadev Temple,https://maps.google.com/?cid=15937558012650960254&g_mp=Cidnb29nbGUubWFwcy5wbGFjZXMudjEuUGxhY2VzLlNlYXJjaFRleHQQAhgEIAA,"5VVG+J6V, Outer Ring Rd, Atus, Uttar Pradesh 283105",Achhnera,Agra,Uttar Pradesh,uttar pradesh,12.0,medium,address_does_not_name_query_locality
ChIJ8YrehlmRczkRqW4aJH2TWDU,Shiva Temple,https://maps.google.com/?cid=3843984447646625449&g_mp=Cidnb29nbGUubWFwcy5wbGFjZXMudjEuUGxhY2VzLlNlYXJjaFRleHQQAhgEIAA,"4M38+5XX, makhdoom, Nagar Village, Fatehpur Sikri, Uttar Pradesh 283110",Achhnera,Agra,Uttar Pradesh,uttar pradesh,12.0,medium,address_does_not_name_query_locality
ChIJv6L5cWuJczkR7lImJLEB-mE,Shiv Mandir,https://maps.google.com/?cid=7059957226184004334&g_mp=Cidnb29nbGUubWFwcy5wbGFjZXMudjEuUGxhY2VzLlNlYXJjaFRleHQQAhgEIAA,"4VV9+QJR, Nagla Gujra, Uttar Pradesh 283105",Achhnera,Agra,Uttar Pradesh,uttar pradesh,11.9,medium,address_does_not_name_query_locality
ChIJeTc4qDWRczkR2PjsNPhSNOo,Shiv Mandir,https://maps.google.com/?cid=16876204929657403608&g_mp=Cidnb29nbGUubWFwcy5wbGFjZXMudjEuUGxhY2VzLlNlYXJjaFRleHQQAhgEIAA,"Nagar, 4M48+GGM, Nagar Village, Sikri Hissa 4, Fatehpur Sikri, Uttar Pradesh 283110",Achhnera,Agra,Uttar Pradesh,uttar pradesh,11.8,medium,address_does_not_name_query_locality
ChIJ55U5rQ2NczkRTqQUmIwa6yc,Shri Shiv Mandir,https://maps.google.com/?cid=2876421978155426894&g_mp=Cidnb29nbGUubWFwcy5wbGFjZXMudjEuUGxhY2VzLlNlYXJjaFRleHQQAhgEIAA,"3QPV+XVH, Salemabad, Uttar Pradesh 283110",Achhnera,Agra,Uttar Pradesh,uttar pradesh,10.8,medium,address_does_not_name_query_locality
ChIJJ9eaSz2JczkRNzMDMsMjjZ4,VANKHANDI MAHADEV TEMPLE,https://maps.google.com/?cid=11424827150973481783&g_mp=Cidnb29nbGUubWFwcy5wbGFjZXMudjEuUGxhY2VzLlNlYXJjaFRleHQQAhgEIAA,"4VX5+G9Q, Agra, Uttar Pradesh 283105",Achhnera,Agra,Uttar Pradesh,uttar pradesh,10.7,medium,address_does_not_name_query_locality
ChIJIcQIKzKNczkReg43QR-nvd8,SHIV शिवोहम,https://maps.google.com/?cid=16122225993736195706&g_mp=Cidnb29nbGUubWFwcy5wbGFjZXMudjEuUGxhY2VzLlNlYXJjaFRleHQQAhgEIAA,"4R24+65Q, Unnamed Road, Chainkora, Uttar Pradesh 283110",Achhnera,Agra,Uttar Pradesh,uttar pradesh,9.9,medium,address_does_not_name_query_locality
ChIJgfYpGQCPczkRPefVnucsk60,Prachin vankhandi shiv mandir,https://maps.google.com/?cid=12507389963451885373&g_mp=Cidnb29nbGUubWFwcy5wbGFjZXMudjEuUGxhY2VzLlNlYXJjaFRleHQQAhgEIAA,"4RHG+J5R Nagla Brahman, Kiraoli, Davli, Uttar Pradesh 283105",Achhnera,Agra,Uttar Pradesh,uttar pradesh,8.8,medium,address_does_not_name_query_locality
ChIJQaeCpSmFczkRKHl0T-c3hCU,Gole shiv temple,https://maps.google.com/?cid=2703347142939146536&g_mp=Cidnb29nbGUubWFwcy5wbGFjZXMudjEuUGxhY2VzLlNlYXJjaFRleHQQAhgEIAA,"6RCG+FR7, near ajey college, Raipura Ahir, Uttar Pradesh 283101",Achhnera,Agra,Uttar Pradesh,uttar pradesh,8.6,medium,address_does_not_name_query_locality
ChIJVdJ9SQAxdDkR0TpXnAa3kD4,Bateshwar nath,https://maps.google.com/?cid=4508304466018515665&g_mp=Cidnb29nbGUubWFwcy5wbGFjZXMudjEuUGxhY2VzLlNlYXJjaFRleHQQAhgEIAA,"WGPR+9M6, Bateshwar, Uttar Pradesh 283113",Bah,Agra,Uttar Pradesh,uttar pradesh,8.5,medium,address_does_not_name_query_locality
ChIJ7xHS9qExdDkRsmw-dmaYL2Y,Bateshwar Maharaj Temple,https://maps.google.com/?cid=7363271481611938994&g_mp=Cidnb29nbGUubWFwcy5wbGFjZXMudjEuUGxhY2VzLlNlYXJjaFRleHQQAhgEIAA,"Bateshwar, Uttar Pradesh 283113",Bah,Agra,Uttar Pradesh,uttar pradesh,8.4,medium,address_does_not_name_query_locality
ChIJcfOp8KExdDkRnpSRLeoqAY0,Bateshwar Dham,https://maps.google.com/?cid=10160449419599778974&g_mp=Cidnb29nbGUubWFwcy5wbGFjZXMudjEuUGxhY2VzLlNlYXJjaFRleHQQAhgEIAA,"Dham, Bateshwar, Uttar Pradesh 283113",Bah,Agra,Uttar Pradesh,uttar pradesh,8.3,medium,address_does_not_name_query_locality
ChIJNxTwJOYxdDkRV4d_kYrBLX0,"One Hundred and eight Shiv Temple, Bateshwar",https://maps.google.com/?cid=9020078429583673175&g_mp=Cidnb29nbGUubWFwcy5wbGFjZXMudjEuUGxhY2VzLlNlYXJjaFRleHQQAhgEIAA,"Late. Arun Yadav City, Bateshwar, Uttar Pradesh 283113",Bah,Agra,Uttar Pradesh,uttar pradesh,8.3,medium,address_does_not_name_query_locality
ChIJ8xxKy56FczkR5XcrqADcceA,Shiv Temple,https://maps.google.com/?cid=16172949632243693541&g_mp=Cidnb29nbGUubWFwcy5wbGFjZXMudjEuUGxhY2VzLlNlYXJjaFRleHQQAhgEIAA,"Unnamed Road jhal, 6QWQ+FJ2, Jodhpur, Mai, Uttar Pradesh 283101",Achhnera,Agra,Uttar Pradesh,uttar pradesh,8.3,medium,address_does_not_name_query_locality
ChIJfakI6VmPczkRvjhGZsSrhC8,Prachin shiv mandir,https://maps.google.com/?cid=3424050476726237374&g_mp=Cidnb29nbGUubWFwcy5wbGFjZXMudjEuUGxhY2VzLlNlYXJjaFRleHQQAhgEIAA,"5RVP+36Q, Kukathala, Uttar Pradesh 283105",Achhnera,Agra,Uttar Pradesh,uttar pradesh,8.1,medium,address_does_not_name_query_locality
ChIJTWtAUemFczkR1mbTMil8uN8,shiv temple,https://maps.google.com/?cid=16120771382560909014&g_mp=Cidnb29nbGUubWFwcy5wbGFjZXMudjEuUGxhY2VzLlNlYXJjaFRleHQQAhgEIAA,"6RC9+GXG, Raipura Ahir, Uttar Pradesh 283101",Achhnera,Agra,Uttar Pradesh,uttar pradesh,8.0,medium,address_does_not_name_query_locality
ChIJj1XVA6WFczkRqyoIWxxP7xk,Mahadev Temple,https://maps.google.com/?cid=1868799353586985643&g_mp=Cidnb29nbGUubWFwcy5wbGFjZXMudjEuUGxhY2VzLlNlYXJjaFRleHQQAhgEIAA,"Rd, Off, Agra Bypass, Kasoti, Uttar Pradesh 283101",Achhnera,Agra,Uttar Pradesh,uttar pradesh,7.6,medium,address_does_not_name_query_locality
ChIJmTKa6aOFczkR8tAvFfa4IHs,Mahadev Temple,https://maps.google.com/?cid=8872294632976797938&g_mp=Cidnb29nbGUubWFwcy5wbGFjZXMudjEuUGxhY2VzLlNlYXJjaFRleHQQAhgEIAA,"6QHV+7C3, Achhera - Kitham Rd, Mai, Uttar Pradesh 283101",Achhnera,Agra,Uttar Pradesh,uttar pradesh,6.8,medium,address_does_not_name_query_locality
ChIJTb1KErGPczkROZ8kreC9qOk,Shiv Mandir Arjunai,https://maps.google.com/?cid=16836915979599781689&g_mp=Cidnb29nbGUubWFwcy5wbGFjZXMudjEuUGxhY2VzLlNlYXJjaFRleHQQAhgEIAA,"nagla lal das, railway station, raibha, Agra, Uttar Pradesh 283101",Achhnera,Agra,Uttar Pradesh,uttar pradesh,6.4,medium,address_does_not_name_query_locality
ChIJA3of9syFczkReNKUlTQQi40,Shiv Mandir Mangura,https://maps.google.com/?cid=10199263599144522360&g_mp=Cidnb29nbGUubWFwcy5wbGFjZXMudjEuUGxhY2VzLlNlYXJjaFRleHQQAhgEIAA,"6R55+2RX, Mangura, Uttar Pradesh 283101",Achhnera,Agra,Uttar Pradesh,uttar pradesh,6.3,medium,address_does_not_name_query_locality
ChIJx27tJgCPczkRVZiPnAQM9CU,Shiv Mandir,https://maps.google.com/?cid=2734824087666792533&g_mp=Cidnb29nbGUubWFwcy5wbGFjZXMudjEuUGxhY2VzLlNlYXJjaFRleHQQAhgEIAA,"4QMP+P7P, Purani Galla Mandi, Kiraoli, Abhaudopura, Uttar Pradesh 283122",Achhnera,Agra,Uttar Pradesh,uttar pradesh,5.7,medium,address_does_not_name_query_locality
ChIJTT12ZwCPczkRiOzw0vYw8pc,Balkeshwar Mahadev Mandir,https://maps.google.com/?cid=10948867480750189704&g_mp=Cidnb29nbGUubWFwcy5wbGFjZXMudjEuUGxhY2VzLlNlYXJjaFRleHQQAhgEIAA,"4QMM+RPQ, Purani Galla Mandi, Kiraoli, Uttar Pradesh 283122",Achhnera,Agra,Uttar Pradesh,uttar pradesh,5.6,medium,address_does_not_name_query_locality
ChIJlex4KQCPczkRXLm9rgDJ500,Shiva ka house kiraoli agra,https://maps.google.com/?cid=5613676465309464924&g_mp=Cidnb29nbGUubWFwcy5wbGFjZXMudjEuUGxhY2VzLlNlYXJjaFRleHQQAhgEIAA,"4QMM+R44, Purani Galla Mandi, Kiraoli, Abhaudopura, Uttar Pradesh 283122",Achhnera,Agra,Uttar Pradesh,uttar pradesh,5.5,medium,address_does_not_name_query_locality
ChIJ_aUyaACPczkRVDMjLeEIkpY,Shiva house golu,https://maps.google.com/?cid=10849744215506891604&g_mp=Cidnb29nbGUubWFwcy5wbGFjZXMudjEuUGxhY2VzLlNlYXJjaFRleHQQAhgEIAA,"4QPJ+3P9, Purani Galla Mandi, Kiraoli, Uttar Pradesh 283122",Achhnera,Agra,Uttar Pradesh,uttar pradesh,5.4,medium,address_does_not_name_query_locality
ChIJMalPuCGPczkRFbrOBtp849c,Shiva home,https://maps.google.com/?cid=15556414813726751253&g_mp=Cidnb29nbGUubWFwcy5wbGFjZXMudjEuUGxhY2VzLlNlYXJjaFRleHQQAhgEIAA,"4QRQ+22Q, Kaithwari, Kiraoli, Uttar Pradesh 283122",Achhnera,Agra,Uttar Pradesh,uttar pradesh,5.3,medium,address_does_not_name_query_locality
ChIJV4zkaoiFczkR0zUE6T2YQzU,Siv mandir,https://maps.google.com/?cid=3838078699119588819&g_mp=Cidnb29nbGUubWFwcy5wbGFjZXMudjEuUGxhY2VzLlNlYXJjaFRleHQQAhgEIAA,"6QG3+5XJ, मार्ग, अछनेरा, फराह, उत्तर प्रदेश 283101",Achhnera,Agra,Uttar Pradesh,uttar pradesh,5.3,medium,address_does_not_name_query_locality
ChIJB6lBt52RczkRkTHS1HHNVq0,Shiv Mandir Rajan Dham,https://maps.google.com/?cid=12490396505344192913&g_mp=Cidnb29nbGUubWFwcy5wbGFjZXMudjEuUGxhY2VzLlNlYXJjaFRleHQQAhgEIAA,"5PV4+832, Mangaroli Jat, Uttar Pradesh 283101",Achhnera,Agra,Uttar Pradesh,uttar pradesh,5.2,medium,address_does_not_name_query_locality
ChIJ3yHEOgCPczkRZrqDelMVfaI,Ghoomeshwar dham om colony,https://maps.google.com/?cid=11708538054515079782&g_mp=Cidnb29nbGUubWFwcy5wbGFjZXMudjEuUGxhY2VzLlNlYXJjaFRleHQQAhgEIAA,"4QPF+3P7, Purani Galla Mandi, Kiraoli, Uttar Pradesh 283122",Achhnera,Agra,Uttar Pradesh,uttar pradesh,5.1,medium,address_does_not_name_query_locality
ChIJW1IPfeyPczkR8_9asZdL99M,Mahadev mandir,https://maps.google.com/?cid=15273759776138002419&g_mp=Cidnb29nbGUubWFwcy5wbGFjZXMudjEuUGxhY2VzLlNlYXJjaFRleHQQAhgEIAA,"5RH4+5V9, Raibha, Uttar Pradesh 283101",Achhnera,Agra,Uttar Pradesh,uttar pradesh,5.1,medium,address_does_not_name_query_locality
ChIJ4YPlSBKFczkRfpl9PgwwPDU,Lodheshwar Mahadev Mandir,https://maps.google.com/?cid=3835993811758979454&g_mp=Cidnb29nbGUubWFwcy5wbGFjZXMudjEuUGxhY2VzLlNlYXJjaFRleHQQAhgEIAA,"6Q4R+5VX, Janutha, Uttar Pradesh 283101",Achhnera,Agra,Uttar Pradesh,uttar pradesh,4.8,medium,address_does_not_name_query_locality
ChIJKdRTOIePczkRDJl9cb9GXVA,Temple of Shankar vihar colony,https://maps.google.com/?cid=5790862483925080332&g_mp=Cidnb29nbGUubWFwcy5wbGFjZXMudjEuUGxhY2VzLlNlYXJjaFRleHQQAhgEIAA,"4QQH+XGR, Achnera Rd, Shankar Vihar Colony, Kiraoli, Uttar Pradesh 283122",Achhnera,Agra,Uttar Pradesh,uttar pradesh,4.8,medium,address_does_not_name_query_locality
ChIJlZLZiVibczkRqlDPfM4ip00,Mahadev temple,https://maps.google.com/?cid=5595479332283699370&g_mp=Cidnb29nbGUubWFwcy5wbGFjZXMudjEuUGxhY2VzLlNlYXJjaFRleHQQAhgEIAA,"6P8Q+V26, Unnamed Road, Chaipokhar, Uttar Pradesh 283101",Achhnera,Agra,Uttar Pradesh,uttar pradesh,4.7,medium,address_does_not_name_query_locality
ChIJy9oALjiRczkRQo5DQRmf7b4,Mahadev Mandir,https://maps.google.com/?cid=13757827367504678466&g_mp=Cidnb29nbGUubWFwcy5wbGFjZXMudjEuUGxhY2VzLlNlYXJjaFRleHQQAhgEIAA,"5P96+VW6, Biara, Uttar Pradesh 283101",Achhnera,Agra,Uttar Pradesh,uttar pradesh,4.3,medium,address_does_not_name_query_locality
ChIJQVycBwCRczkRUhGOk3ulHY0,Radha Krishna mandir,https://maps.google.com/?cid=10168465483847569746&g_mp=Cidnb29nbGUubWFwcy5wbGFjZXMudjEuUGxhY2VzLlNlYXJjaFRleHQQAhgEIAA,"4QQ2+X3P, Nagla, Prithvipura, Baharwati, Uttar Pradesh 283101",Achhnera,Agra,Uttar Pradesh,uttar pradesh,4.2,medium,address_does_not_name_query_locality
ChIJD1a_KwCRczkRqMBiFeueRfk,Dharmshala mandir,https://maps.google.com/?cid=17961937421350387880&g_mp=Cidnb29nbGUubWFwcy5wbGFjZXMudjEuUGxhY2VzLlNlYXJjaFRleHQQAhgEIAA,"5P89+RFJ Vinay Thakur, Biara, Uttar Pradesh 283101",Achhnera,Agra,Uttar Pradesh,uttar pradesh,3.8,medium,address_does_not_name_query_locality
ChIJt-QzcgCRczkRQm30N86Ll1Q,"Hanuman Ji Mandir, (dharmshala mandir)",https://maps.google.com/?cid=6095494338487545154&g_mp=Cidnb29nbGUubWFwcy5wbGFjZXMudjEuUGxhY2VzLlNlYXJjaFRleHQQAhgEIAA,"5P89+RFJ, Biara, Uttar Pradesh 283101",Achhnera,Agra,Uttar Pradesh,uttar pradesh,3.8,medium,address_does_not_name_query_locality
ChIJgx3xdU6FczkRh6bV36LAssI,Burja Wale Hanuman Ji Temple,https://maps.google.com/?cid=14029487594985072263&g_mp=Cidnb29nbGUubWFwcy5wbGFjZXMudjEuUGxhY2VzLlNlYXJjaFRleHQQAhgEIAA,"6Q62+79G, Uttar Pradesh 283101",Achhnera,Agra,Uttar Pradesh,uttar pradesh,3.7,medium,address_does_not_name_query_locality
ChIJSSVAQ-2RczkRR3ZqzWmqN9Y,Shiv Mandir,https://maps.google.com/?cid=15435993619230258759&g_mp=Cidnb29nbGUubWFwcy5wbGFjZXMudjEuUGxhY2VzLlNlYXJjaFRleHQQAhgEIAA,"5P4H+42H, Santha, Uttar Pradesh 283110",Achhnera,Agra,Uttar Pradesh,uttar pradesh,3.7,medium,address_does_not_name_query_locality
ChIJVy8ZEKiRczkRAILpiYaC0OM,Shri Shani Dev Mandir kriyya Baba Vishmbar Das,https://maps.google.com/?cid=16415764156116468224&g_mp=Cidnb29nbGUubWFwcy5wbGFjZXMudjEuUGxhY2VzLlNlYXJjaFRleHQQAhgEIAA,"5P5G+CMC, Gadi Candarman, Uttar Pradesh 283110",Achhnera,Agra,Uttar Pradesh,uttar pradesh,3.5,medium,address_does_not_name_query_locality
ChIJgQQDw_KRczkRzAf57NtpaAI,Shiv Mandir,https://maps.google.com/?cid=173504978948261836&g_mp=Cidnb29nbGUubWFwcy5wbGFjZXMudjEuUGxhY2VzLlNlYXJjaFRleHQQAhgEIAA,"Sanshan T Road, 5PRG+G2H, Arrua Khas, Uttar Pradesh 283101",Achhnera,Agra,Uttar Pradesh,uttar pradesh,3.3,medium,address_does_not_name_query_locality
ChIJCR9U4OmPczkR8xl6A-gBAF4,शिव मंदिर नगला हरीराम,https://maps.google.com/?cid=6773415935567600115&g_mp=Cidnb29nbGUubWFwcy5wbGFjZXMudjEuUGxhY2VzLlNlYXJjaFRleHQQAhgEIAA,"4QX6+9X2 नगला हरीराम, Kiraoli, Ninbaya, Uttar Pradesh 283101",Achhnera,Agra,Uttar Pradesh,uttar pradesh,3.3,medium,address_does_not_name_query_locality
ChIJlxcSfziPczkR83M4jbvpbjA,New Shiv Mandir Dhanoli Achhnera,https://maps.google.com/?cid=3489983752996156403&g_mp=Cidnb29nbGUubWFwcy5wbGFjZXMudjEuUGxhY2VzLlNlYXJjaFRleHQQAhgEIAA,"5Q7J+8WM, Dhanoli, Uttar Pradesh 283101",Achhnera,Agra,Uttar Pradesh,uttar pradesh,3.1,medium,address_does_not_name_query_locality
ChIJawBQEQCFczkRPHhttR8vJqY,प्राचीन महादेव मंदिर,https://maps.google.com/?cid=11972308472645384252&g_mp=Cidnb29nbGUubWFwcy5wbGFjZXMudjEuUGxhY2VzLlNlYXJjaFRleHQQAhgEIAA,"6Q2C+R82, Kachora, Uttar Pradesh 283101",Achhnera,Agra,Uttar Pradesh,uttar pradesh,3.1,medium,address_does_not_name_query_locality
ChIJV2CEX0CFczkRCkr-QaYtigY,Sahadev Kachora,https://maps.google.com/?cid=471239303108643338&g_mp=Cidnb29nbGUubWFwcy5wbGFjZXMudjEuUGxhY2VzLlNlYXJjaFRleHQQAhgEIAA,"6Q27+CPF, Agra, Kachora, Uttar Pradesh 283101",Achhnera,Agra,Uttar Pradesh,uttar pradesh,2.7,medium,address_does_not_name_query_locality
ChIJ9U_V3KmaczkR1XtB-5YPFaQ,वनखंडी शिव मंदिर,https://maps.google.com/?cid=11823373537865989077&g_mp=Cidnb29nbGUubWFwcy5wbGFjZXMudjEuUGxhY2VzLlNlYXJjaFRleHQQAhgEIAA,"5PWQ+Q4H, Nagla Arua, Uttar Pradesh 283101",Achhnera,Agra,Uttar Pradesh,uttar pradesh,2.7,medium,address_does_not_name_query_locality
ChIJOXdAfgAtdDkREPVTFkCD6Bw,Bateswar nath mandir,https://maps.google.com/?cid=2083059138934600976&g_mp=Cidnb29nbGUubWFwcy5wbGFjZXMudjEuUGxhY2VzLlNlYXJjaFRleHQQAhgEIAA,"RJ6Q+49X Bah, Keelpura, Uttar Pradesh 283104",Bah,Agra,Uttar Pradesh,uttar pradesh,8.4,routine,
ChIJL3W0BvKbczkRIqjeWY9q2uI,Shiv Mandir (harnam singh solanki) जय महाकाल,https://maps.google.com/?cid=16346494961415268386&g_mp=Cidnb29nbGUubWFwcy5wbGFjZXMudjEuUGxhY2VzLlNlYXJjaFRleHQQAhgEIAA,"Mangrol jat, Agra - Bharatpur Rd, Achhnera, Mangaroli Jat, Uttar Pradesh 283101",Achhnera,Agra,Uttar Pradesh,uttar pradesh,5.0,routine,
ChIJp8D-r6WaczkRRXxnPGYgTxs,Hanuman Temple,https://maps.google.com/?cid=1967827185656364101&g_mp=Cidnb29nbGUubWFwcy5wbGFjZXMudjEuUGxhY2VzLlNlYXJjaFRleHQQAhgEIAA,"6P3J+FJ5, Chaipokhar, Achhnera, Uttar Pradesh 283101",Achhnera,Agra,Uttar Pradesh,uttar pradesh,3.7,routine,
ChIJIzm-I16FczkRG_D-PzeIv9M,Prachin Shiv Mandir,https://maps.google.com/?cid=15258063833432780827&g_mp=Cidnb29nbGUubWFwcy5wbGFjZXMudjEuUGxhY2VzLlNlYXJjaFRleHQQAhgEIAA,"6Q39+536 bahora thok, Kachora, Achhnera, Uttar Pradesh 283101",Achhnera,Agra,Uttar Pradesh,uttar pradesh,3.1,routine,
ChIJM2sX0FMtdDkRfJZxI28TOmY,Shiv Mandir,https://maps.google.com/?cid=7366221508574811772&g_mp=Cidnb29nbGUubWFwcy5wbGFjZXMudjEuUGxhY2VzLlNlYXJjaFRleHQQAhgEIAA,"VHWH+52F, Agra - Bah Rd, Kheda Devidass, Uttar Pradesh 283104",Bah,Agra,Uttar Pradesh,uttar pradesh,2.9,routine,
ChIJS2p9vAGQczkRrnsf_tE3YR8,Hanuman Temple,https://maps.google.com/?cid=2261149862967868334&g_mp=Cidnb29nbGUubWFwcy5wbGFjZXMudjEuUGxhY2VzLlNlYXJjaFRleHQQAhgEIAA,"5PVV+37H, station road, Achhnera, Nagla Arua, Uttar Pradesh 283101",Achhnera,Agra,Uttar Pradesh,uttar pradesh,2.0,routine,
ChIJrYqEqoOPczkRwsuG5HooM0U,Bhole Baba Temple,https://maps.google.com/?cid=4986373720714431426&g_mp=Cidnb29nbGUubWFwcy5wbGFjZXMudjEuUGxhY2VzLlNlYXJjaFRleHQQAhgEIAA,"5P8X+QGW, Ardaya, Achhnera, Uttar Pradesh 283101",Achhnera,Agra,Uttar Pradesh,uttar pradesh,1.3,routine,
ChIJMc7QHQCPczkR4yRW-gIWPac,Jaat home,https://maps.google.com/?cid=12050812379959010531&g_mp=Cidnb29nbGUubWFwcy5wbGFjZXMudjEuUGxhY2VzLlNlYXJjaFRleHQQAhgEIAA,"5P9W+CWX, Ardaya, Achhnera, Uttar Pradesh 283101",Achhnera,Agra,Uttar Pradesh,uttar pradesh,1.3,routine,
ChIJK8lERgCPczkRaZcwoO3ldO8,Saurabh Chaudhary home,https://maps.google.com/?cid=17254668881120761705&g_mp=Cidnb29nbGUubWFwcy5wbGFjZXMudjEuUGxhY2VzLlNlYXJjaFRleHQQAhgEIAA,"5P9X+3JQ, Achhnera, Uttar Pradesh 283101",Achhnera,Agra,Uttar Pradesh,uttar pradesh,1.3,routine,
ChIJ0YbvFQCPczkRb0dGCuhO1bQ,Shri Ram Mandir Ardaya,https://maps.google.com/?cid=13030407855378155375&g_mp=Cidnb29nbGUubWFwcy5wbGFjZXMudjEuUGxhY2VzLlNlYXJjaFRleHQQAhgEIAA,"5P9X+4M9, Ardaya, Achhnera, Uttar Pradesh 283101",Achhnera,Agra,Uttar Pradesh,uttar pradesh,1.2,routine,
ChIJg7tuntuPczkRCWk_r_hodec,Dhangar Mandir Ardaya,https://maps.google.com/?cid=16678352212337846537&g_mp=Cidnb29nbGUubWFwcy5wbGFjZXMudjEuUGxhY2VzLlNlYXJjaFRleHQQAhgEIAA,"5Q83+XFW, Ardaya, Achhnera, Uttar Pradesh 283101",Achhnera,Agra,Uttar Pradesh,uttar pradesh,1.1,routine,
ChIJ77h8nTyPczkRK7-XuYPnAoo,Railway Shiv Mandir,https://maps.google.com/?cid=9944765480127938347&g_mp=Cidnb29nbGUubWFwcy5wbGFjZXMudjEuUGxhY2VzLlNlYXJjaFRleHQQAhgEIAA,"5QJ7+WF4, Achhnera, Uttar Pradesh 283101",Achhnera,Agra,Uttar Pradesh,uttar pradesh,1.0,routine,
ChIJSVdLhN6PczkRM6YEVIc6Y3U,Devi Mandir Ardaya,https://maps.google.com/?cid=8458668878036510259&g_mp=Cidnb29nbGUubWFwcy5wbGFjZXMudjEuUGxhY2VzLlNlYXJjaFRleHQQAhgEIAA,"5QC2+85C, Main Rd, near Omvati Pradhan Office, Ardaya, Achhnera, Uttar Pradesh 283101",Achhnera,Agra,Uttar Pradesh,uttar pradesh,0.9,routine,
ChIJYyzMHVyPczkR8L7WWpXDqI4,Hanuman Mandir,https://maps.google.com/?cid=10279681195714723568&g_mp=Cidnb29nbGUubWFwcy5wbGFjZXMudjEuUGxhY2VzLlNlYXJjaFRleHQQAhgEIAA,"5QG7+MJR, Achnera - Janutha Rd, Achhnera, Uttar Pradesh 283101",Achhnera,Agra,Uttar Pradesh,uttar pradesh,0.9,routine,
ChIJsSphVzaPczkRFAjsGN3m0Y8,KAILA MATA MANDIR ARDAYA,https://maps.google.com/?cid=10363318054836504596&g_mp=Cidnb29nbGUubWFwcy5wbGFjZXMudjEuUGxhY2VzLlNlYXJjaFRleHQQAhgEIAA,"Unnamed Road, 5PFX+7P2, Achhnera, Uttar Pradesh 283101",Achhnera,Agra,Uttar Pradesh,uttar pradesh,0.8,routine,
ChIJA0GDNwCPczkRPDzSw41UP8A,Mahadev Temple,https://maps.google.com/?cid=13852883946667392060&g_mp=Cidnb29nbGUubWFwcy5wbGFjZXMudjEuUGxhY2VzLlNlYXJjaFRleHQQAhgEIAA,"Shivalaya Temple, Agra - Bharatpur Rd, Sahara, Achhnera, Uttar Pradesh 283101",Achhnera,Agra,Uttar Pradesh,uttar pradesh,0.8,routine,
ChIJhVePgRwtdDkRmaJ1TUo6Urc,Shiv mandir mohlla Ganj Bah (Agra),https://maps.google.com/?cid=13209684747832631961&g_mp=Cidnb29nbGUubWFwcy5wbGFjZXMudjEuUGxhY2VzLlNlYXJjaFRleHQQAhgEIAA,"VH9W+V5F, Bah, Uttar Pradesh 283104",Bah,Agra,Uttar Pradesh,uttar pradesh,0.8,routine,
ChIJzzue-zItdDkRyBwbFwXxq2s,Shivalaya(Shiv Mandir),https://maps.google.com/?cid=7758559787240594632&g_mp=Cidnb29nbGUubWFwcy5wbGFjZXMudjEuUGxhY2VzLlNlYXJjaFRleHQQAhgEIAA,"VHCH+XM5, SH 62, Dhobai, Bah, Uttar Pradesh 283104",Bah,Agra,Uttar Pradesh,uttar pradesh,0.8,routine,
ChIJYfolLLwtdDkRkWjKObhXzrU,Prachin Shiv Mandir Bah,https://maps.google.com/?cid=13100504814822516881&g_mp=Cidnb29nbGUubWFwcy5wbGFjZXMudjEuUGxhY2VzLlNlYXJjaFRleHQQAhgEIAA,"VHCV+HXG, Bah, Uttar Pradesh 283104",Bah,Agra,Uttar Pradesh,uttar pradesh,0.7,routine,
ChIJdQZadwCPczkR49SrAYGRZfw,HANUMAN JI KA MANDIR,https://maps.google.com/?cid=18187102653470463203&g_mp=Cidnb29nbGUubWFwcy5wbGFjZXMudjEuUGxhY2VzLlNlYXJjaFRleHQQAhgEIAA,"5QC3+R6P, Ardaya, Achhnera, Uttar Pradesh 283101",Achhnera,Agra,Uttar Pradesh,uttar pradesh,0.6,routine,
ChIJIcBdgOWPczkR_tAIOA1WARg,Shri Shani Dev Mandir & Shri Gauri Shankar Mahadev Temple,https://maps.google.com/?cid=1729758346661646590&g_mp=Cidnb29nbGUubWFwcy5wbGFjZXMudjEuUGxhY2VzLlNlYXJjaFRleHQQAhgEIAA,"5QM4+6JH, Achhnera-Farah Rd, Achhnera, Uttar Pradesh 283101",Achhnera,Agra,Uttar Pradesh,uttar pradesh,0.6,routine,
ChIJofKRyeqPczkRxcCKUEWYIUY,Neelkanth Mahadev Mandir,https://maps.google.com/?cid=5053487680357843141&g_mp=Cidnb29nbGUubWFwcy5wbGFjZXMudjEuUGxhY2VzLlNlYXJjaFRleHQQAhgEIAA,"5QJ5+2VJ, Unnamed Road, Achhnera, Uttar Pradesh 283101",Achhnera,Agra,Uttar Pradesh,uttar pradesh,0.5,routine,
ChIJh9YC7b4tdDkRZtm_QEL4H78,Shiv Parvati Temple,https://maps.google.com/?cid=13771999148960110950&g_mp=Cidnb29nbGUubWFwcy5wbGFjZXMudjEuUGxhY2VzLlNlYXJjaFRleHQQAhgEIAA,"VHCV+747, Bah, Uttar Pradesh 283104",Bah,Agra,Uttar Pradesh,uttar pradesh,0.5,routine,
ChIJl24ufJmPczkRFHGe-bCru00,Shri Radha Mohan Ramli Lala Wala Mandir,https://maps.google.com/?cid=5601259338155847956&g_mp=Cidnb29nbGUubWFwcy5wbGFjZXMudjEuUGxhY2VzLlNlYXJjaFRleHQQAhgEIAA,"5QH6+93M, Unnamed Road, Achhnera, Uttar Pradesh 283101",Achhnera,Agra,Uttar Pradesh,uttar pradesh,0.5,routine,
ChIJN5_25wKPczkRuJIeLQv5yoc,नरी सेमरी माता मंदिर,https://maps.google.com/?cid=9784906966812758712&g_mp=Cidnb29nbGUubWFwcy5wbGFjZXMudjEuUGxhY2VzLlNlYXJjaFRleHQQAhgEIAA,"5QJ4+JR3, Achhnera Station Rd, Achhnera, Uttar Pradesh 283101",Achhnera,Agra,Uttar Pradesh,uttar pradesh,0.5,routine,
ChIJubghSO-PczkRZSbh6VZ5-H8,शिव मंदिर अछनेरा,https://maps.google.com/?cid=9221253651239085669&g_mp=Cidnb29nbGUubWFwcy5wbGFjZXMudjEuUGxhY2VzLlNlYXJjaFRleHQQAhgEIAA,"5QJ5+G64, Achhnera, Uttar Pradesh 283101",Achhnera,Agra,Uttar Pradesh,uttar pradesh,0.5,routine,
ChIJfX5CpcAtdDkRILLFfKjIhd4,Bholenath Temple,https://maps.google.com/?cid=16034442674295910944&g_mp=Cidnb29nbGUubWFwcy5wbGFjZXMudjEuUGxhY2VzLlNlYXJjaFRleHQQAhgEIAA,"VH9Q+6MC, near OLD ICE FACTORY, TEACHERS COLONY, Bah, Uttar Pradesh 283104",Bah,Agra,Uttar Pradesh,uttar pradesh,0.4,routine,
ChIJpQToYbSPczkRypKVyBjY7rg,Dwarkadish mandir,https://maps.google.com/?cid=13325825948391936714&g_mp=Cidnb29nbGUubWFwcy5wbGFjZXMudjEuUGxhY2VzLlNlYXJjaFRleHQQAhgEIAA,"5QG5+MGQ, Achhnera, Uttar Pradesh 283101",Achhnera,Agra,Uttar Pradesh,uttar pradesh,0.4,routine,
ChIJq97BegCPczkRIkg02IaC3UY,hospital's temple,https://maps.google.com/?cid=5106381068172544034&g_mp=Cidnb29nbGUubWFwcy5wbGFjZXMudjEuUGxhY2VzLlNlYXJjaFRleHQQAhgEIAA,"5QH5+PG5, Achhnera, Uttar Pradesh 283101",Achhnera,Agra,Uttar Pradesh,uttar pradesh,0.4,routine,
ChIJeUobCgCPczkR5QUu1vdNMAs,Mankameswar Temple Achhnera,https://maps.google.com/?cid=806230060144920037&g_mp=Cidnb29nbGUubWFwcy5wbGFjZXMudjEuUGxhY2VzLlNlYXJjaFRleHQQAhgEIAA,"5QJ3+7XX, Achhnera Station Rd, Achhnera, Uttar Pradesh 283101",Achhnera,Agra,Uttar Pradesh,uttar pradesh,0.4,routine,
ChIJ3WFjyfUtdDkRGLsvBpFl4pc,Prachin Shiva Hanuman Mandir,https://maps.google.com/?cid=10944421718012181272&g_mp=Cidnb29nbGUubWFwcy5wbGFjZXMudjEuUGxhY2VzLlNlYXJjaFRleHQQAhgEIAA,"VH9P+5HQ, Bah, Uttar Pradesh 283104",Bah,Agra,Uttar Pradesh,uttar pradesh,0.4,routine,
ChIJSfDIdwCPczkRi0bV6JNoHy0,Shri Balaji maharaj ji ka mandir,https://maps.google.com/?cid=3251432440460560011&g_mp=Cidnb29nbGUubWFwcy5wbGFjZXMudjEuUGxhY2VzLlNlYXJjaFRleHQQAhgEIAA,"5QH2+398, Agra - Bharatpur Rd, Achhnera, Ardaya, Uttar Pradesh 283101",Achhnera,Agra,Uttar Pradesh,uttar pradesh,0.4,routine,
ChIJlW-XP-iPczkRO9AWisD9nl0,bankhandi shiv temple,https://maps.google.com/?cid=6746108295239880763&g_mp=Cidnb29nbGUubWFwcy5wbGFjZXMudjEuUGxhY2VzLlNlYXJjaFRleHQQAhgEIAA,"5QG5+F7W, Achhnera, Uttar Pradesh 283101",Achhnera,Agra,Uttar Pradesh,uttar pradesh,0.3,routine,
ChIJJyggr-iPczkRZAZUZrXqPrE,Laxman Temple,https://maps.google.com/?cid=12771903658096068196&g_mp=Cidnb29nbGUubWFwcy5wbGFjZXMudjEuUGxhY2VzLlNlYXJjaFRleHQQAhgEIAA,"5QH4+XRG, Achhnera, Uttar Pradesh 283101",Achhnera,Agra,Uttar Pradesh,uttar pradesh,0.3,routine,
ChIJyd68PHaPczkRa_m_c-uziGM,Panchmukhi Hanuman Mandir,https://maps.google.com/?cid=7172180230428162411&g_mp=Cidnb29nbGUubWFwcy5wbGFjZXMudjEuUGxhY2VzLlNlYXJjaFRleHQQAhgEIAA,"2248, Agra - Bharatpur Rd, Achhnera, Uttar Pradesh 283101",Achhnera,Agra,Uttar Pradesh,uttar pradesh,0.3,routine,
ChIJ3-wKNwCPczkR2KpyQM66yrE,Sed mata mandir,https://maps.google.com/?cid=12811257485016083160&g_mp=Cidnb29nbGUubWFwcy5wbGFjZXMudjEuUGxhY2VzLlNlYXJjaFRleHQQAhgEIAA,"5QH5+73Q, Main Market, Achhnera, Uttar Pradesh 283101",Achhnera,Agra,Uttar Pradesh,uttar pradesh,0.2,routine,
ChIJhaG5sjqPczkR_p1OtwplcIk,Vankhandi Mahadev Mandir,https://maps.google.com/?cid=9903526677287181822&g_mp=Cidnb29nbGUubWFwcy5wbGFjZXMudjEuUGxhY2VzLlNlYXJjaFRleHQQAhgEIAA,"5QH4+4WG, Achhnera, Uttar Pradesh 283101",Achhnera,Agra,Uttar Pradesh,uttar pradesh,0.2,routine,
ChIJ-TkeZQCPczkR02o0jw9V6Vk,Eyeveh,https://maps.google.com/?cid=6478803064264616659&g_mp=Cidnb29nbGUubWFwcy5wbGFjZXMudjEuUGxhY2VzLlNlYXJjaFRleHQQAhgEIAA,"5QG3+XG2, Achhnera, Uttar Pradesh 283101",Achhnera,Agra,Uttar Pradesh,uttar pradesh,0.1,routine,
ChIJq_3sa46PczkRaV0y8cMmb_g,Shree Dau ji maharaj Temple Achnera,https://maps.google.com/?cid=17901569666828098921&g_mp=Cidnb29nbGUubWFwcy5wbGFjZXMudjEuUGxhY2VzLlNlYXJjaFRleHQQAhgEIAA,"5QG3+VV5, Agra - Bharatpur Rd, near saraswat Genrel stor, Achhnera, Uttar Pradesh 283101",Achhnera,Agra,Uttar Pradesh,uttar pradesh,0.1,routine,
