state_code,state_name_english,state_census2011_code,district_code,district_name_english,district_census2011_code,subdistrict_code,subdistrict_name_english,subdistrict_census2011_code,last_updated
9,Uttar Pradesh,9,118,Agra,146,766,Agra,766,07-10-2024
9,Uttar Pradesh,9,118,Agra,146,765,Etmadpur,765,07-10-2024
9,Uttar Pradesh,9,118,Agra,146,770,Bah,770,07-10-2024
9,Uttar Pradesh,9,118,Agra,146,769,Fatehabad,769,07-10-2024
9,Uttar Pradesh,9,118,Agra,146,768,Kheragarh,768,07-10-2024
9,Uttar Pradesh,9,118,Agra,146,767,Kiraoli,767,07-10-2024
9,Uttar Pradesh,9,119,Aligarh,143,756,Iglas,756,07-10-2024
9,Uttar Pradesh,9,119,Aligarh,143,754,Atrauli,754,07-10-2024
9,Uttar Pradesh,9,119,Aligarh,143,752,Khair,752,07-10-2024
9,Uttar Pradesh,9,119,Aligarh,143,753,Gabhana,753,07-10-2024
9,Uttar Pradesh,9,119,Aligarh,143,755,Koil,755,07-10-2024
9,Uttar Pradesh,9,121,Ambedkar Nagar,178,910,Akbarpur,910,07-10-2024
9,Uttar Pradesh,9,121,Ambedkar Nagar,178,907,Tanda,907,07-10-2024
9,Uttar Pradesh,9,121,Ambedkar Nagar,178,908,Allapur,908,07-10-2024
9,Uttar Pradesh,9,121,Ambedkar Nagar,178,911,Bhiti,911,07-10-2024
9,Uttar Pradesh,9,121,Ambedkar Nagar,178,909,Jalalpur,909,07-10-2024
9,Uttar Pradesh,9,640,Amethi,0,824,Tiloi,824,07-10-2024
9,Uttar Pradesh,9,640,Amethi,0,913,Gauriganj,913,07-10-2024
9,Uttar Pradesh,9,640,Amethi,0,912,Musafirkhana,912,07-10-2024
9,Uttar Pradesh,9,640,Amethi,0,914,Amethi,914,07-10-2024
9,Uttar Pradesh,9,154,Amroha,137,731,Hasanpur,731,07-10-2024
9,Uttar Pradesh,9,154,Amroha,137,6831,Naugawan Sadat,0,07-10-2024
9,Uttar Pradesh,9,154,Amroha,137,730,Amroha,730,07-10-2024
9,Uttar Pradesh,9,154,Amroha,137,729,Dhanaura,729,07-10-2024
9,Uttar Pradesh,9,122,Auraiya,162,842,Auraiya,842,07-10-2024
9,Uttar Pradesh,9,122,Auraiya,162,6877,Ajitmal,0,07-10-2024
9,Uttar Pradesh,9,122,Auraiya,162,841,Bidhuna,841,07-10-2024
9,Uttar Pradesh,9,140,Ayodhya,177,902,Rudauli,902,07-10-2024
9,Uttar Pradesh,9,140,Ayodhya,177,904,Sohawal,904,07-10-2024
9,Uttar Pradesh,9,140,Ayodhya,177,905,Faizabad,905,07-10-2024
9,Uttar Pradesh,9,140,Ayodhya,177,906,Bikapur,906,07-10-2024
9,Uttar Pradesh,9,140,Ayodhya,177,903,Milkipur,903,07-10-2024
9,Uttar Pradesh,9,123,Azamgarh,191,964,Burhanpur,964,07-10-2024
9,Uttar Pradesh,9,123,Azamgarh,191,969,Lalganj,969,07-10-2024
9,Uttar Pradesh,9,123,Azamgarh,191,6165,Martinganjon,0,07-10-2024
9,Uttar Pradesh,9,123,Azamgarh,191,965,Sagri,965,07-10-2024
9,Uttar Pradesh,9,123,Azamgarh,191,966,Azamgarh,966,07-10-2024
9,Uttar Pradesh,9,123,Azamgarh,191,970,Mehnagar,970,07-10-2024
9,Uttar Pradesh,9,123,Azamgarh,191,968,Phulpur,968,07-10-2024
9,Uttar Pradesh,9,123,Azamgarh,191,967,Nizamabad,967,07-10-2024
9,Uttar Pradesh,9,124,Baghpat,139,735,Baraut,735,07-10-2024
9,Uttar Pradesh,9,124,Baghpat,139,737,Khekada,737,07-10-2024
9,Uttar Pradesh,9,124,Baghpat,139,736,Baghpat,736,07-10-2024
9,Uttar Pradesh,9,125,Bahraich,180,922,Kaiserganj,922,07-10-2024
9,Uttar Pradesh,9,125,Bahraich,180,6862,Mihinpurwa Motipur,0,07-10-2024
9,Uttar Pradesh,9,125,Bahraich,180,919,Nanpara,919,07-10-2024
9,Uttar Pradesh,9,125,Bahraich,180,6861,Payagpur,0,07-10-2024
9,Uttar Pradesh,9,125,Bahraich,180,921,Bahraich,921,07-10-2024
9,Uttar Pradesh,9,125,Bahraich,180,920,Mahasi,920,07-10-2024
9,Uttar Pradesh,9,126,Ballia,193,978,Ballia,978,07-10-2024
9,Uttar Pradesh,9,126,Ballia,193,977,Rasra,977,07-10-2024
9,Uttar Pradesh,9,126,Ballia,193,975,Belthara Road,975,07-10-2024
9,Uttar Pradesh,9,126,Ballia,193,980,Bairia,980,07-10-2024
9,Uttar Pradesh,9,126,Ballia,193,979,Bansdih,979,07-10-2024
9,Uttar Pradesh,9,126,Ballia,193,976,Sikanderpur,976,07-10-2024
9,Uttar Pradesh,9,127,Balrampur,182,927,Utraula,927,07-10-2024
9,Uttar Pradesh,9,127,Balrampur,182,926,Tulsipur,926,07-10-2024
9,Uttar Pradesh,9,127,Balrampur,182,925,Balrampur,925,07-10-2024
9,Uttar Pradesh,9,128,Banda,170,873,Atarra,873,07-10-2024
9,Uttar Pradesh,9,128,Banda,170,6157,Pailani,0,07-10-2024
9,Uttar Pradesh,9,128,Banda,170,874,Naraini,874,07-10-2024
9,Uttar Pradesh,9,128,Banda,170,872,Baberu,872,07-10-2024
9,Uttar Pradesh,9,128,Banda,170,871,Banda,871,07-10-2024
9,Uttar Pradesh,9,129,Bara Banki,176,900,Ramsanehighat,900,07-10-2024
9,Uttar Pradesh,9,129,Bara Banki,176,901,Haidergarh,901,07-10-2024
9,Uttar Pradesh,9,129,Bara Banki,176,897,Ramnagar,897,07-10-2024
9,Uttar Pradesh,9,129,Bara Banki,176,899,Sirauli Gauspur,899,07-10-2024
9,Uttar Pradesh,9,129,Bara Banki,176,896,Fatehpur,896,07-10-2024
9,Uttar Pradesh,9,129,Bara Banki,176,898,Nawabganj,898,07-10-2024
9,Uttar Pradesh,9,130,Bareilly,150,788,Nawabganj,788,07-10-2024
9,Uttar Pradesh,9,130,Bareilly,150,786,Aonla,786,07-10-2024
9,Uttar Pradesh,9,130,Bareilly,150,789,Faridpur,789,07-10-2024
9,Uttar Pradesh,9,130,Bareilly,150,785,Meerganj,785,07-10-2024
9,Uttar Pradesh,9,130,Bareilly,150,787,Bareilly,787,07-10-2024
9,Uttar Pradesh,9,130,Bareilly,150,784,Baheri,784,07-10-2024
9,Uttar Pradesh,9,131,Basti,185,939,Basti,939,07-10-2024
9,Uttar Pradesh,9,131,Basti,185,940,Rudhauli,940,07-10-2024
9,Uttar Pradesh,9,131,Basti,185,938,Harraiya,938,07-10-2024
9,Uttar Pradesh,9,131,Basti,185,937,Bhanpur,937,07-10-2024
9,Uttar Pradesh,9,179,Bhadohi,198,997,Bhadohi,997,07-10-2024
9,Uttar Pradesh,9,179,Bhadohi,198,998,Gyanpur,998,07-10-2024
9,Uttar Pradesh,9,179,Bhadohi,198,999,Aurai,999,07-10-2024
9,Uttar Pradesh,9,132,Bijnor,134,716,Chandpur,716,07-10-2024
9,Uttar Pradesh,9,132,Bijnor,134,715,Dhampur,715,07-10-2024
9,Uttar Pradesh,9,132,Bijnor,134,714,Nagina,714,07-10-2024
9,Uttar Pradesh,9,132,Bijnor,134,712,Najibabad,712,07-10-2024
9,Uttar Pradesh,9,132,Bijnor,134,713,Bijnor,713,07-10-2024
9,Uttar Pradesh,9,133,Budaun,149,783,Dataganj,783,07-10-2024
9,Uttar Pradesh,9,133,Budaun,149,780,Bilsi,780,07-10-2024
9,Uttar Pradesh,9,133,Budaun,149,779,Bisauli,779,07-10-2024
9,Uttar Pradesh,9,133,Budaun,149,782,Budaun,782,07-10-2024
9,Uttar Pradesh,9,133,Budaun,149,781,Sahaswan,781,07-10-2024
9,Uttar Pradesh,9,134,Bulandshahr,142,748,Anupshahr,748,07-10-2024
9,Uttar Pradesh,9,134,Bulandshahr,142,745,Sikandrabad,745,07-10-2024
9,Uttar Pradesh,9,134,Bulandshahr,142,746,Bulandshahr,746,07-10-2024
9,Uttar Pradesh,9,134,Bulandshahr,142,749,Debai,749,07-10-2024
9,Uttar Pradesh,9,134,Bulandshahr,142,751,Khurja,751,07-10-2024
9,Uttar Pradesh,9,134,Bulandshahr,142,750,Shikarpur,750,07-10-2024
9,Uttar Pradesh,9,134,Bulandshahr,142,747,Siana,747,07-10-2024
9,Uttar Pradesh,9,135,Chandauli,196,994,Chakia,994,07-10-2024
9,Uttar Pradesh,9,135,Chandauli,196,6870,Naugarh,0,07-10-2024
9,Uttar Pradesh,9,135,Chandauli,196,993,Chandauli,993,07-10-2024
9,Uttar Pradesh,9,135,Chandauli,196,6869,Pandit Deendayal Upadhyay Nagar,0,07-10-2024
9,Uttar Pradesh,9,135,Chandauli,196,992,Sakaldiha,992,07-10-2024
9,Uttar Pradesh,9,136,Chitrakoot,171,5930,Manikpur,0,07-10-2024
9,Uttar Pradesh,9,136,Chitrakoot,171,876,Mau,876,07-10-2024
9,Uttar Pradesh,9,136,Chitrakoot,171,6156,Rajapur,0,07-10-2024
9,Uttar Pradesh,9,136,Chitrakoot,171,875,Karwi,875,07-10-2024
9,Uttar Pradesh,9,137,Deoria,190,963,Bhatpar Rani,963,07-10-2024
9,Uttar Pradesh,9,137,Deoria,190,960,Rudrapur,960,07-10-2024
9,Uttar Pradesh,9,137,Deoria,190,962,Salempur,962,07-10-2024
9,Uttar Pradesh,9,137,Deoria,190,961,Barhaj,961,07-10-2024
9,Uttar Pradesh,9,137,Deoria,190,959,Deoria,959,07-10-2024
9,Uttar Pradesh,9,138,Etah,201,1008,Etah,1008,07-10-2024
9,Uttar Pradesh,9,138,Etah,201,1009,Jalesar,1009,07-10-2024
9,Uttar Pradesh,9,138,Etah,201,1007,Aliganj,1007,07-10-2024
9,Uttar Pradesh,9,139,Etawah,161,839,Bharthana,839,07-10-2024
9,Uttar Pradesh,9,139,Etawah,161,837,Saifai,837,07-10-2024
9,Uttar Pradesh,9,139,Etawah,161,840,Chakarnagar,840,07-10-2024
9,Uttar Pradesh,9,139,Etawah,161,838,Etawah,838,07-10-2024
9,Uttar Pradesh,9,139,Etawah,161,836,Jaswantnagar,836,07-10-2024
9,Uttar Pradesh,9,139,Etawah,161,6158,Takha,0,07-10-2024
9,Uttar Pradesh,9,141,Farrukhabad,159,831,Amritpur,831,07-10-2024
9,Uttar Pradesh,9,141,Farrukhabad,159,832,Farrukhabad,832,07-10-2024
9,Uttar Pradesh,9,141,Farrukhabad,159,830,Kaimganj,830,07-10-2024
9,Uttar Pradesh,9,142,Fatehpur,172,877,Bindki,877,07-10-2024
9,Uttar Pradesh,9,142,Fatehpur,172,879,Khaga,879,07-10-2024
9,Uttar Pradesh,9,142,Fatehpur,172,878,Fatehpur,878,07-10-2024
9,Uttar Pradesh,9,143,Firozabad,147,774,Shikohabad,774,07-10-2024
9,Uttar Pradesh,9,143,Firozabad,147,6161,Sirsaganj,0,07-10-2024
9,Uttar Pradesh,9,143,Firozabad,147,772,Firozabad,772,07-10-2024
9,Uttar Pradesh,9,143,Firozabad,147,773,Jasrana,773,07-10-2024
9,Uttar Pradesh,9,143,Firozabad,147,771,Tundla,771,07-10-2024
9,Uttar Pradesh,9,144,Gautam Buddha Nagar,141,743,Gautam Buddha Nagar,743,07-10-2024
9,Uttar Pradesh,9,144,Gautam Buddha Nagar,141,742,Dadri,742,07-10-2024
9,Uttar Pradesh,9,144,Gautam Buddha Nagar,141,744,Jewar,744,07-10-2024
9,Uttar Pradesh,9,145,Ghaziabad,140,738,Modinagar,738,07-10-2024
9,Uttar Pradesh,9,145,Ghaziabad,140,6089,Loni,0,07-10-2024
9,Uttar Pradesh,9,145,Ghaziabad,140,739,Ghaziabad,739,07-10-2024
9,Uttar Pradesh,9,146,Ghazipur,195,987,Jakhania,987,07-10-2024
9,Uttar Pradesh,9,146,Ghazipur,195,990,Mohammadabad,990,07-10-2024
9,Uttar Pradesh,9,146,Ghazipur,195,6835,Sewarai,0,07-10-2024
9,Uttar Pradesh,9,146,Ghazipur,195,989,Ghazipur,989,07-10-2024
9,Uttar Pradesh,9,146,Ghazipur,195,6834,Kasimabad,0,07-10-2024
9,Uttar Pradesh,9,146,Ghazipur,195,991,Zamania,991,07-10-2024
9,Uttar Pradesh,9,146,Ghazipur,195,988,Saidpur,988,07-10-2024
9,Uttar Pradesh,9,147,Gonda,183,928,Gonda,928,07-10-2024
9,Uttar Pradesh,9,147,Gonda,183,930,Tarabganj,930,07-10-2024
9,Uttar Pradesh,9,147,Gonda,183,929,Colonelganj,929,07-10-2024
9,Uttar Pradesh,9,147,Gonda,183,931,Mankapur,931,07-10-2024
9,Uttar Pradesh,9,148,Gorakhpur,188,948,Campierganj,948,07-10-2024
9,Uttar Pradesh,9,148,Gorakhpur,188,951,Chauri Chaura,951,07-10-2024
9,Uttar Pradesh,9,148,Gorakhpur,188,954,Gola,954,07-10-2024
9,Uttar Pradesh,9,148,Gorakhpur,188,953,Khajni,953,07-10-2024
9,Uttar Pradesh,9,148,Gorakhpur,188,949,Sahjanwa,949,07-10-2024
9,Uttar Pradesh,9,148,Gorakhpur,188,952,Bansgaon,952,07-10-2024
9,Uttar Pradesh,9,148,Gorakhpur,188,950,Gorakhpur,950,07-10-2024
9,Uttar Pradesh,9,149,Hamirpur,168,864,Hamirpur,864,07-10-2024
9,Uttar Pradesh,9,149,Hamirpur,168,866,Sarila,866,07-10-2024
9,Uttar Pradesh,9,149,Hamirpur,168,865,Rath,865,07-10-2024
9,Uttar Pradesh,9,149,Hamirpur,168,867,Maudaha,867,07-10-2024
9,Uttar Pradesh,9,661,Hapur,0,6032,Dhaulana,0,07-10-2024
9,Uttar Pradesh,9,661,Hapur,0,740,Hapur,740,07-10-2024
9,Uttar Pradesh,9,661,Hapur,0,741,Garhmukteshwar,741,07-10-2024
9,Uttar Pradesh,9,150,Hardoi,155,812,Bilgram,812,07-10-2024
9,Uttar Pradesh,9,150,Hardoi,155,811,Hardoi,811,07-10-2024
9,Uttar Pradesh,9,150,Hardoi,155,809,Shahabad,809,07-10-2024
9,Uttar Pradesh,9,150,Hardoi,155,813,Sandila,813,07-10-2024
9,Uttar Pradesh,9,150,Hardoi,155,810,Sawayajpur,810,07-10-2024
9,Uttar Pradesh,9,163,Hathras,144,760,Sadabad,760,07-10-2024
9,Uttar Pradesh,9,163,Hathras,144,759,Hathras,759,07-10-2024
9,Uttar Pradesh,9,163,Hathras,144,757,Sasni,757,07-10-2024
9,Uttar Pradesh,9,163,Hathras,144,758,Sikandra Rao,758,07-10-2024
9,Uttar Pradesh,9,151,Jalaun,165,855,Konch,855,07-10-2024
9,Uttar Pradesh,9,151,Jalaun,165,854,Orai,854,07-10-2024
9,Uttar Pradesh,9,151,Jalaun,165,852,Jalaun,852,07-10-2024
9,Uttar Pradesh,9,151,Jalaun,165,853,Kalpi,853,07-10-2024
9,Uttar Pradesh,9,151,Jalaun,165,851,Madhogarh,851,07-10-2024
9,Uttar Pradesh,9,152,Jaunpur,194,983,Machhlishahr,983,07-10-2024
9,Uttar Pradesh,9,152,Jaunpur,194,982,Badlapur,982,07-10-2024
9,Uttar Pradesh,9,152,Jaunpur,194,981,Shahganj,981,07-10-2024
9,Uttar Pradesh,9,152,Jaunpur,194,986,Kerakat,986,07-10-2024
9,Uttar Pradesh,9,152,Jaunpur,194,984,Jaunpur,984,07-10-2024
9,Uttar Pradesh,9,152,Jaunpur,194,985,Mariahu,985,07-10-2024
9,Uttar Pradesh,9,153,Jhansi,166,858,Tahrauli,858,07-10-2024
9,Uttar Pradesh,9,153,Jhansi,166,859,Mauranipur,859,07-10-2024
9,Uttar Pradesh,9,153,Jhansi,166,856,Moth,856,07-10-2024
9,Uttar Pradesh,9,153,Jhansi,166,857,Garautha,857,07-10-2024
9,Uttar Pradesh,9,153,Jhansi,166,860,Jhansi,860,07-10-2024
9,Uttar Pradesh,9,155,Kannauj,160,833,Chhibramau,833,07-10-2024
9,Uttar Pradesh,9,155,Kannauj,160,834,Kannauj,834,07-10-2024
9,Uttar Pradesh,9,155,Kannauj,160,835,Tirwa,835,07-10-2024
9,Uttar Pradesh,9,156,Kanpur Dehat,163,846,Bhognipur,846,07-10-2024
9,Uttar Pradesh,9,156,Kanpur Dehat,163,844,Derapur,844,07-10-2024
9,Uttar Pradesh,9,156,Kanpur Dehat,163,6871,Maitha,0,07-10-2024
9,Uttar Pradesh,9,156,Kanpur Dehat,163,847,Sikandra,847,07-10-2024
9,Uttar Pradesh,9,156,Kanpur Dehat,163,845,Akbarpur,845,07-10-2024
9,Uttar Pradesh,9,156,Kanpur Dehat,163,843,Rasulabad,843,07-10-2024
9,Uttar Pradesh,9,157,Kanpur Nagar,164,848,Bilhaur,848,07-10-2024
9,Uttar Pradesh,9,157,Kanpur Nagar,164,850,Ghatampur,850,07-10-2024
9,Uttar Pradesh,9,157,Kanpur Nagar,164,849,Kanpur,849,07-10-2024
9,Uttar Pradesh,9,157,Kanpur Nagar,164,6163,Narwal,0,07-10-2024
9,Uttar Pradesh,9,633,Kasganj,202,1010,Kasganj,1010,07-10-2024
9,Uttar Pradesh,9,633,Kasganj,202,1012,Patiyali,1012,07-10-2024
9,Uttar Pradesh,9,633,Kasganj,202,1011,Sahawar,1011,07-10-2024
9,Uttar Pradesh,9,158,Kaushambi,174,887,Chail,887,07-10-2024
9,Uttar Pradesh,9,158,Kaushambi,174,886,Manjhanpur,886,07-10-2024
9,Uttar Pradesh,9,158,Kaushambi,174,885,Sirathu,885,07-10-2024
9,Uttar Pradesh,9,159,Kheri,153,798,Palia,798,07-10-2024
9,Uttar Pradesh,9,159,Kheri,153,799,Gola Gokaran Nath,799,07-10-2024
9,Uttar Pradesh,9,159,Kheri,153,801,Lakhimpur,801,07-10-2024
9,Uttar Pradesh,9,159,Kheri,153,797,Nighasan,797,07-10-2024
9,Uttar Pradesh,9,159,Kheri,153,6875,Mitauli,0,07-10-2024
9,Uttar Pradesh,9,159,Kheri,153,800,Mohammdi,800,07-10-2024
9,Uttar Pradesh,9,159,Kheri,153,802,Dhaurahara,802,07-10-2024
9,Uttar Pradesh,9,160,Kushinagar,189,6878,Khadda,0,07-10-2024
9,Uttar Pradesh,9,160,Kushinagar,189,955,Padrauna,955,07-10-2024
9,Uttar Pradesh,9,160,Kushinagar,189,6879,Kaptanganj,0,07-10-2024
9,Uttar Pradesh,9,160,Kushinagar,189,956,Hata,956,07-10-2024
9,Uttar Pradesh,9,160,Kushinagar,189,957,Kasya,957,07-10-2024
9,Uttar Pradesh,9,160,Kushinagar,189,958,Tamkuhi Raj,958,07-10-2024
9,Uttar Pradesh,9,161,Lalitpur,167,863,Mahroni,863,07-10-2024
9,Uttar Pradesh,9,161,Lalitpur,167,6369,Mdawara,0,07-10-2024
9,Uttar Pradesh,9,161,Lalitpur,167,861,Talbehat,861,07-10-2024
9,Uttar Pradesh,9,161,Lalitpur,167,862,Lalitpur,862,07-10-2024
9,Uttar Pradesh,9,161,Lalitpur,167,6881,Pali,0,07-10-2024
9,Uttar Pradesh,9,162,Lucknow,157,6094,Sarojani Nagar,0,07-10-2024
9,Uttar Pradesh,9,162,Lucknow,157,821,Sadar,821,07-10-2024
9,Uttar Pradesh,9,162,Lucknow,157,820,Bakshi Ka Talab,820,07-10-2024
9,Uttar Pradesh,9,162,Lucknow,157,819,Malihabad,819,07-10-2024
9,Uttar Pradesh,9,162,Lucknow,157,822,Mohanlalganj,822,07-10-2024
9,Uttar Pradesh,9,165,Mahoba,169,869,Charkhari,869,07-10-2024
9,Uttar Pradesh,9,165,Mahoba,169,870,Mahoba,870,07-10-2024
9,Uttar Pradesh,9,165,Mahoba,169,868,Kulpahar,868,07-10-2024
9,Uttar Pradesh,9,164,Mahrajganj,187,946,Pharenda,946,07-10-2024
9,Uttar Pradesh,9,164,Mahrajganj,187,947,Maharajganj,947,07-10-2024
9,Uttar Pradesh,9,164,Mahrajganj,187,944,Nautanwa,944,07-10-2024
9,Uttar Pradesh,9,164,Mahrajganj,187,945,Nichlaul,945,07-10-2024
9,Uttar Pradesh,9,166,Mainpuri,148,6873,Ghiror,0,07-10-2024
9,Uttar Pradesh,9,166,Mainpuri,148,6872,Kishni,0,07-10-2024
9,Uttar Pradesh,9,166,Mainpuri,148,6874,Kurawali,0,07-10-2024
9,Uttar Pradesh,9,166,Mainpuri,148,775,Mainpuri,775,07-10-2024
9,Uttar Pradesh,9,166,Mainpuri,148,777,Bhogaon,777,07-10-2024
9,Uttar Pradesh,9,166,Mainpuri,148,776,Karhal,776,07-10-2024
9,Uttar Pradesh,9,167,Mathura,145,762,Mat,762,07-10-2024
9,Uttar Pradesh,9,167,Mathura,145,6832,Govardhan,0,07-10-2024
9,Uttar Pradesh,9,167,Mathura,145,761,Chhata,761,07-10-2024
9,Uttar Pradesh,9,167,Mathura,145,763,Mahavan,763,07-10-2024
9,Uttar Pradesh,9,167,Mathura,145,764,Mathura,764,07-10-2024
9,Uttar Pradesh,9,168,Mau,192,971,Ghosi,971,07-10-2024
9,Uttar Pradesh,9,168,Mau,192,973,Maunath Bhanjan,973,07-10-2024
9,Uttar Pradesh,9,168,Mau,192,974,Muhammadabad Gohna,974,07-10-2024
9,Uttar Pradesh,9,168,Mau,192,972,Madhuban,972,07-10-2024
9,Uttar Pradesh,9,169,Meerut,138,733,Mawana,733,07-10-2024
9,Uttar Pradesh,9,169,Meerut,138,734,Meerut,734,07-10-2024
9,Uttar Pradesh,9,169,Meerut,138,732,Sardhana,732,07-10-2024
9,Uttar Pradesh,9,170,Mirzapur,199,1000,Mirzapur,1000,07-10-2024
9,Uttar Pradesh,9,170,Mirzapur,199,1001,Lalganj,1001,07-10-2024
9,Uttar Pradesh,9,170,Mirzapur,199,1003,Chunar,1003,07-10-2024
9,Uttar Pradesh,9,170,Mirzapur,199,1002,Marihan,1002,07-10-2024
9,Uttar Pradesh,9,171,Moradabad,135,719,Moradabad,719,07-10-2024
9,Uttar Pradesh,9,171,Moradabad,135,720,Bilari,720,07-10-2024
9,Uttar Pradesh,9,171,Moradabad,135,718,Kanth,718,07-10-2024
9,Uttar Pradesh,9,171,Moradabad,135,717,Thakurdwara,717,07-10-2024
9,Uttar Pradesh,9,172,Muzaffarnagar,133,710,Khatauli,710,07-10-2024
9,Uttar Pradesh,9,172,Muzaffarnagar,133,711,Jansath,711,07-10-2024
9,Uttar Pradesh,9,172,Muzaffarnagar,133,708,Muzaffarnagar,708,07-10-2024
9,Uttar Pradesh,9,172,Muzaffarnagar,133,709,Budhana,709,07-10-2024
9,Uttar Pradesh,9,173,Pilibhit,151,790,Pilibhit,790,07-10-2024
9,Uttar Pradesh,9,173,Pilibhit,151,792,Puranpur,792,07-10-2024
9,Uttar Pradesh,9,173,Pilibhit,151,6867,Amariya,0,07-10-2024
9,Uttar Pradesh,9,173,Pilibhit,151,791,Bisalpur,791,07-10-2024
9,Uttar Pradesh,9,173,Pilibhit,151,6866,Kalinagar,0,07-10-2024
9,Uttar Pradesh,9,174,Pratapgarh,173,881,Kunda,881,07-10-2024
9,Uttar Pradesh,9,174,Pratapgarh,173,884,Raniganj,884,07-10-2024
9,Uttar Pradesh,9,174,Pratapgarh,173,880,Lalganj,880,07-10-2024
9,Uttar Pradesh,9,174,Pratapgarh,173,883,Patti,883,07-10-2024
9,Uttar Pradesh,9,174,Pratapgarh,173,882,Pratapgarh,882,07-10-2024
9,Uttar Pradesh,9,120,Prayagraj,175,890,Allahabad,890,07-10-2024
9,Uttar Pradesh,9,120,Prayagraj,175,895,Koraon,895,07-10-2024
9,Uttar Pradesh,9,120,Prayagraj,175,888,Soraon,888,07-10-2024
9,Uttar Pradesh,9,120,Prayagraj,175,891,Bara,891,07-10-2024
9,Uttar Pradesh,9,120,Prayagraj,175,892,Karchhana,892,07-10-2024
9,Uttar Pradesh,9,120,Prayagraj,175,894,Meja,894,07-10-2024
9,Uttar Pradesh,9,120,Prayagraj,175,893,Handia,893,07-10-2024
9,Uttar Pradesh,9,120,Prayagraj,175,889,Phulpur,889,07-10-2024
9,Uttar Pradesh,9,175,Rae Bareli,158,823,Maharajganj,823,07-10-2024
9,Uttar Pradesh,9,175,Rae Bareli,158,825,Rae Bareli,825,07-10-2024
9,Uttar Pradesh,9,175,Rae Bareli,158,829,Salon,829,07-10-2024
9,Uttar Pradesh,9,175,Rae Bareli,158,828,Unchahar,828,07-10-2024
9,Uttar Pradesh,9,175,Rae Bareli,158,827,Dalmau,827,07-10-2024
9,Uttar Pradesh,9,175,Rae Bareli,158,826,Lalganj,826,07-10-2024
9,Uttar Pradesh,9,176,Rampur,136,727,Shahabad,727,07-10-2024
9,Uttar Pradesh,9,176,Rampur,136,725,Bilaspur,725,07-10-2024
9,Uttar Pradesh,9,176,Rampur,136,728,Milak,728,07-10-2024
9,Uttar Pradesh,9,176,Rampur,136,723,Suar,723,07-10-2024
9,Uttar Pradesh,9,176,Rampur,136,726,Rampur,726,07-10-2024
9,Uttar Pradesh,9,176,Rampur,136,724,Tanda,724,07-10-2024
9,Uttar Pradesh,9,177,Saharanpur,132,701,Behat,701,07-10-2024
9,Uttar Pradesh,9,177,Saharanpur,132,705,Rampur Maniharan,705,07-10-2024
9,Uttar Pradesh,9,177,Saharanpur,132,702,Saharanpur,702,07-10-2024
9,Uttar Pradesh,9,177,Saharanpur,132,704,Deoband,704,07-10-2024
9,Uttar Pradesh,9,177,Saharanpur,132,703,Nakur,703,07-10-2024
9,Uttar Pradesh,9,659,Sambhal,0,721,Sambhal,721,07-10-2024
9,Uttar Pradesh,9,659,Sambhal,0,722,Chandausi,722,07-10-2024
9,Uttar Pradesh,9,659,Sambhal,0,778,Gunnaur,778,07-10-2024
9,Uttar Pradesh,9,178,Sant Kabir Nagar,186,943,Ghanghata,943,07-10-2024
9,Uttar Pradesh,9,178,Sant Kabir Nagar,186,941,Mehdawal,941,07-10-2024
9,Uttar Pradesh,9,178,Sant Kabir Nagar,186,942,Khalilabad,942,07-10-2024
9,Uttar Pradesh,9,180,Shahjahanpur,152,794,Tilhar,794,07-10-2024
9,Uttar Pradesh,9,180,Shahjahanpur,152,796,Jalalabad,796,07-10-2024
9,Uttar Pradesh,9,180,Shahjahanpur,152,795,Shahjahanpur,795,07-10-2024
9,Uttar Pradesh,9,180,Shahjahanpur,152,6882,Kalan,0,07-10-2024
9,Uttar Pradesh,9,180,Shahjahanpur,152,793,Powayan,793,07-10-2024
9,Uttar Pradesh,9,660,Shamli,0,706,Kairana,706,07-10-2024
9,Uttar Pradesh,9,660,Shamli,0,6159,Un,0,07-10-2024
9,Uttar Pradesh,9,660,Shamli,0,707,Shamli,707,07-10-2024
9,Uttar Pradesh,9,181,Shrawasti,181,924,Ikauna,924,07-10-2024
9,Uttar Pradesh,9,181,Shrawasti,181,6164,Jamunaha,0,07-10-2024
9,Uttar Pradesh,9,181,Shrawasti,181,923,Bhinga,923,07-10-2024
9,Uttar Pradesh,9,182,Siddharthnagar,184,933,Naugarh,933,07-10-2024
9,Uttar Pradesh,9,182,Siddharthnagar,184,934,Bansi,934,07-10-2024
9,Uttar Pradesh,9,182,Siddharthnagar,184,932,Shohratgarh,932,07-10-2024
9,Uttar Pradesh,9,182,Siddharthnagar,184,936,Domariyaganj,936,07-10-2024
9,Uttar Pradesh,9,182,Siddharthnagar,184,935,Itwa,935,07-10-2024
9,Uttar Pradesh,9,183,Sitapur,154,805,Laharpur,805,07-10-2024
9,Uttar Pradesh,9,183,Sitapur,154,803,Misrikh,803,07-10-2024
9,Uttar Pradesh,9,183,Sitapur,154,808,Sidhauli,808,07-10-2024
9,Uttar Pradesh,9,183,Sitapur,154,807,Mahmudabad,807,07-10-2024
9,Uttar Pradesh,9,183,Sitapur,154,6880,Maholi,0,07-10-2024
9,Uttar Pradesh,9,183,Sitapur,154,804,Sitapur,804,07-10-2024
9,Uttar Pradesh,9,183,Sitapur,154,806,Biswan,806,07-10-2024
9,Uttar Pradesh,9,184,Sonbhadra,200,7127,Obra,0,07-10-2024
9,Uttar Pradesh,9,184,Sonbhadra,200,1005,Robertsganj,1005,07-10-2024
9,Uttar Pradesh,9,184,Sonbhadra,200,1006,Dudhi,1006,07-10-2024
9,Uttar Pradesh,9,184,Sonbhadra,200,1004,Ghorawal,1004,07-10-2024
9,Uttar Pradesh,9,185,Sultanpur,179,6868,Baldirai,0,07-10-2024
9,Uttar Pradesh,9,185,Sultanpur,179,916,Jaisinghpur,916,07-10-2024
9,Uttar Pradesh,9,185,Sultanpur,179,918,Kadipur,918,07-10-2024
9,Uttar Pradesh,9,185,Sultanpur,179,917,Lambhua,917,07-10-2024
9,Uttar Pradesh,9,185,Sultanpur,179,915,Sultanpur,915,07-10-2024
9,Uttar Pradesh,9,186,Unnao,156,6160,Bangarmau,0,07-10-2024
9,Uttar Pradesh,9,186,Unnao,156,818,Bighapur,818,07-10-2024
9,Uttar Pradesh,9,186,Unnao,156,815,Hasanganj,815,07-10-2024
9,Uttar Pradesh,9,186,Unnao,156,817,Purwa,817,07-10-2024
9,Uttar Pradesh,9,186,Unnao,156,816,Unnao,816,07-10-2024
9,Uttar Pradesh,9,186,Unnao,156,814,Safipur,814,07-10-2024
9,Uttar Pradesh,9,187,Varanasi,197,995,Pindra,995,07-10-2024
9,Uttar Pradesh,9,187,Varanasi,197,6093,Rajatalab,0,07-10-2024
9,Uttar Pradesh,9,187,Varanasi,197,996,Varanasi Sadar,996,07-10-2024
