google_place_id,google_maps_uri,discovered_name,discovered_address,latitude,longitude,state,district,source_query,confidence,confidence_score,classification_reason,first_seen_at,last_seen_at
ChIJs_HpFadhdDkRPaE19CXwMJY,https://maps.google.com/?cid=10822413950372913469&g_mp=Cidnb29nbGUubWFwcy5wbGFjZXMudjEuUGxhY2VzLlNlYXJjaFRleHQQAhgEIAA,Pracheen Mahadev Mandir Shivalaya Tehu,"96HJ+RQW, Aharan, Uttar Pradesh 283201",27.3796172,78.2319602,Uttar Pradesh,Agra,"Mahadev Mandir in Achhnera, Kiraoli, Agra, Uttar Pradesh, India",high,0.94,"Matched high-confidence Shiva terms: mahadev, shiv, shiva",2026-09-28 11:06:50.626069+00:00,2026-09-28 11:07:00+00:00
ChIJg66nUgApdTkRxPt7OS8bWfU,https://maps.google.com/?cid=17679191701861432260&g_mp=Cidnb29nbGUubWFwcy5wbGFjZXMudjEuUGxhY2VzLlNlYXJjaFRleHQQAhgEIAA,Shri Kashi Vishwanath Mahadev Shiv Mandir,"3J7X+35M, Sujawali, Uttar Pradesh 243638",28.0627125,78.64791629999999,Uttar Pradesh,Agra,"Vishwanath temple in Achhnera, Kiraoli, Agra, Uttar Pradesh, India",high,0.94,"Matched high-confidence Shiva terms: mahadev, shiv, vishwanath",2026-09-28 11:07:07.643659+00:00,2026-09-28 11:07:07.643659+00:00
ChIJ_RAMpIx3dDkRwbCLssDzq5E,https://maps.google.com/?cid=10496751365471842497&g_mp=Cidnb29nbGUubWFwcy5wbGFjZXMudjEuUGxhY2VzLlNlYXJjaFRleHQQAhgEIAA,Shri Mahakaleshwar Mahadev Mandir & Shri Sani Dev Mandir,"52, Pandit Radharaman Satyavichitra Rd, Sikandra Railway Crossing, Vyas Ashram, Bodla Sikandra, Rishipuram Colony, Sikandra, Agra, Uttar Pradesh 282007",27.2087559,77.9520659,Uttar Pradesh,Agra,"Mahadev temple in Achhnera, Kiraoli, Agra, Uttar Pradesh, India",high,0.94,"Matched high-confidence Shiva terms: mahadev, mahakal, mahakaleshwar",2026-09-28 11:06:55.145146+00:00,2026-09-28 11:06:55.145146+00:00
ChIJzRKANjCIczkRiMi5skuTeuA,https://maps.google.com/?cid=16175402964984907912&g_mp=Cidnb29nbGUubWFwcy5wbGFjZXMudjEuUGxhY2VzLlNlYXJjaFRleHQQAhgEIAA,Lord Shiva Temple,"5WF8+R5G, Bichpuri, Uttar Pradesh 283105",27.174560999999997,77.9154674,Uttar Pradesh,Agra,"Mahadev temple in Achhnera, Kiraoli, Agra, Uttar Pradesh, India",high,0.91,"Matched high-confidence Shiva terms: shiv, shiva",2026-09-28 11:06:57.994553+00:00,2026-09-28 11:06:57.994553+00:00
ChIJuapcnqeFdDkR7n1W6KDZtnQ,https://maps.google.com/?cid=8410148639276957166&g_mp=Cidnb29nbGUubWFwcy5wbGFjZXMudjEuUGxhY2VzLlNlYXJjaFRleHQQAhgEIAA,Mandir Shri Vishwanath Mahadev,"G23C+R8G, Unnamed Road, Nagla Dana, Uttar Pradesh 204101",27.504571,78.0208358,Uttar Pradesh,Agra,"Vishwanath temple in Achhnera, Kiraoli, Agra, Uttar Pradesh, India",high,0.91,"Matched high-confidence Shiva terms: mahadev, vishwanath",2026-09-28 11:07:07.901616+00:00,2026-09-28 11:07:07.901616+00:00
ChIJO6eiYOV5dDkRI08hQ2ZLtV4,https://maps.google.com/?cid=6824443712934858531&g_mp=Cidnb29nbGUubWFwcy5wbGFjZXMudjEuUGxhY2VzLlNlYXJjaFRleHQQAhgEIAA,Nageshwar Mahadev Mandir,"6W8P+23J, Traveni Rangoli Colony, Sikandra, Bainpur Mustkil, Uttar Pradesh 282007",27.2150768,77.9351389,Uttar Pradesh,Agra,"Mahadev temple in Achhnera, Kiraoli, Agra, Uttar Pradesh, India",high,0.91,"Matched high-confidence Shiva terms: mahadev, nageshwar",2026-09-28 11:06:57.297174+00:00,2026-09-28 11:06:57.297174+00:00
ChIJH3nADgCHczkR6BXcSolcRK0,https://maps.google.com/?cid=12485205811714069992&g_mp=Cidnb29nbGUubWFwcy5wbGFjZXMudjEuUGxhY2VzLlNlYXJjaFRleHQQAhgEIAA,Om Shiv Omkareshwar Dakshin Mukhi Sri Hanuman mandir Agra,"Om shiv residency, Artauni, Akabara, Agra, Uttar Pradesh 282007",27.238037499999997,77.8954531,Uttar Pradesh,Agra,"Shiv Mandir in Achhnera, Kiraoli, Agra, Uttar Pradesh, India",high,0.91,"Matched high-confidence Shiva terms: omkareshwar, shiv",2026-09-28 11:06:46.618053+00:00,2026-09-28 11:06:46.618053+00:00
ChIJNatSMAB3dDkRFezLCbRAFR0,https://maps.google.com/?cid=2095652343613484053&g_mp=Cidnb29nbGUubWFwcy5wbGFjZXMudjEuUGxhY2VzLlNlYXJjaFRleHQQAhgEIAA,Omkareshwar Mahadev Temple Agra,"Ganpati ashiyana, Bain Bazar, Sikandra, Agra, Uttar Pradesh 282007",27.21461,77.959732,Uttar Pradesh,Agra,"Mahadev temple in Achhnera, Kiraoli, Agra, Uttar Pradesh, India",high,0.91,"Matched high-confidence Shiva terms: mahadev, omkareshwar",2026-09-28 11:06:53.092862+00:00,2026-09-28 11:06:53.092862+00:00
ChIJ3WFjyfUtdDkRGLsvBpFl4pc,https://maps.google.com/?cid=10944421718012181272&g_mp=Cidnb29nbGUubWFwcy5wbGFjZXMudjEuUGxhY2VzLlNlYXJjaFRleHQQAhgEIAA,Prachin Shiva Hanuman Mandir,"VH9P+5HQ, Bah, Uttar Pradesh 283104",26.8679572,78.5864744,Uttar Pradesh,Agra,"Shiva temple in Bah, Agra, Uttar Pradesh, India",high,0.91,"Matched high-confidence Shiva terms: shiv, shiva",2026-09-28 11:07:16.990313+00:00,2026-09-28 11:07:16.990313+00:00
ChIJD76HXod3nDkRpnx_2I4hvYM,https://maps.google.com/?cid=9492780486968179878&g_mp=Cidnb29nbGUubWFwcy5wbGFjZXMudjEuUGxhY2VzLlNlYXJjaFRleHQQAhgEIAA,Sahastra Lingeshwar Shiv Mandir,"8Q6F+82C, Takiya, Patan, Uttar Pradesh 209867",26.3108132,80.7725274,Uttar Pradesh,Agra,"Lingeshwar temple in Achhnera, Kiraoli, Agra, Uttar Pradesh, India",high,0.91,"Matched high-confidence Shiva terms: lingeshwar, shiv",2026-09-28 11:07:11.473915+00:00,2026-09-28 11:07:11.473915+00:00
ChIJ8YrehlmRczkRqW4aJH2TWDU,https://maps.google.com/?cid=3843984447646625449&g_mp=Cidnb29nbGUubWFwcy5wbGFjZXMudjEuUGxhY2VzLlNlYXJjaFRleHQQAhgEIAA,Shiva Temple,"4M38+5XX, makhdoom, Nagar Village, Fatehpur Sikri, Uttar Pradesh 283110",27.102987499999998,77.66748439999999,Uttar Pradesh,Agra,"Shiv Mandir in Achhnera, Kiraoli, Agra, Uttar Pradesh, India",high,0.91,"Matched high-confidence Shiva terms: shiv, shiva",2026-09-28 11:06:51.083266+00:00,2026-09-28 11:06:51.083266+00:00
ChIJY-LsMbJ3dDkRqe6mAwte7iM,https://maps.google.com/?cid=2589110237183536809&g_mp=Cidnb29nbGUubWFwcy5wbGFjZXMudjEuUGxhY2VzLlNlYXJjaFRleHQQAhgEIAA,Shiva Temple,"1, Jawhar Puram, Deoretha, Navneet Nagar, Shahganj, Agra, Uttar Pradesh 282010",27.1742709,77.96032040000001,Uttar Pradesh,Agra,"Mahadev temple in Achhnera, Kiraoli, Agra, Uttar Pradesh, India",high,0.91,"Matched high-confidence Shiva terms: shiv, shiva",2026-09-28 11:06:54.950043+00:00,2026-09-28 11:06:54.950043+00:00
ChIJMalPuCGPczkRFbrOBtp849c,https://maps.google.com/?cid=15556414813726751253&g_mp=Cidnb29nbGUubWFwcy5wbGFjZXMudjEuUGxhY2VzLlNlYXJjaFRleHQQAhgEIAA,Shiva home,"4QRQ+22Q, Kaithwari, Kiraoli, Uttar Pradesh 283122",27.140075699999997,77.7876027,Uttar Pradesh,Agra,"Shiva temple in Achhnera, Kiraoli, Agra, Uttar Pradesh, India",high,0.91,"Matched high-confidence Shiva terms: shiv, shiva",2026-09-28 11:06:27.908020+00:00,2026-09-28 11:06:27.908020+00:00
ChIJ_aUyaACPczkRVDMjLeEIkpY,https://maps.google.com/?cid=10849744215506891604&g_mp=Cidnb29nbGUubWFwcy5wbGFjZXMudjEuUGxhY2VzLlNlYXJjaFRleHQQAhgEIAA,Shiva house golu,"4QPJ+3P9, Purani Galla Mandi, Kiraoli, Uttar Pradesh 283122",27.1351534,77.78185599999999,Uttar Pradesh,Agra,"Shiva temple in Achhnera, Kiraoli, Agra, Uttar Pradesh, India",high,0.91,"Matched high-confidence Shiva terms: shiv, shiva",2026-09-28 11:06:28.378091+00:00,2026-09-28 11:06:28.378091+00:00
ChIJlex4KQCPczkRXLm9rgDJ500,https://maps.google.com/?cid=5613676465309464924&g_mp=Cidnb29nbGUubWFwcy5wbGFjZXMudjEuUGxhY2VzLlNlYXJjaFRleHQQAhgEIAA,Shiva ka house kiraoli agra,"4QMM+R44, Purani Galla Mandi, Kiraoli, Abhaudopura, Uttar Pradesh 283122",27.1345217,77.7828321,Uttar Pradesh,Agra,"Mahadev temple in Achhnera, Kiraoli, Agra, Uttar Pradesh, India",high,0.91,"Matched high-confidence Shiva terms: shiv, shiva",2026-09-28 11:06:22.805748+00:00,2026-09-28 11:06:55+00:00
ChIJzzue-zItdDkRyBwbFwXxq2s,https://maps.google.com/?cid=7758559787240594632&g_mp=Cidnb29nbGUubWFwcy5wbGFjZXMudjEuUGxhY2VzLlNlYXJjaFRleHQQAhgEIAA,Shivalaya(Shiv Mandir),"VHCH+XM5, SH 62, Dhobai, Bah, Uttar Pradesh 283104",26.871440999999997,78.5799213,Uttar Pradesh,Agra,"Shiva temple in Bah, Agra, Uttar Pradesh, India",high,0.91,"Matched high-confidence Shiva terms: shiv, shiva",2026-09-28 11:07:16.792763+00:00,2026-09-28 11:07:16.792763+00:00
ChIJu_nhOqxGdDkRzKawkgygZZE,https://maps.google.com/?cid=10476956084008429260&g_mp=Cidnb29nbGUubWFwcy5wbGFjZXMudjEuUGxhY2VzLlNlYXJjaFRleHQQAhgEIAA,Shri Vishwanath Mahadev Mandir,"592Q+MJG, Nai Basti Rd, Near Karbala Ki Pulia, Nai Basti, Firozabad, Uttar Pradesh 283203",27.151686299999998,78.38908959999999,Uttar Pradesh,Agra,"Vishwanath temple in Achhnera, Kiraoli, Agra, Uttar Pradesh, India",high,0.91,"Matched high-confidence Shiva terms: mahadev, vishwanath",2026-09-28 11:07:08.535824+00:00,2026-09-28 11:07:08.535824+00:00
ChIJgaKaOJGkdDkRliKUUU-tBgM,https://maps.google.com/?cid=218052188156732054&g_mp=Cidnb29nbGUubWFwcy5wbGFjZXMudjEuUGxhY2VzLlNlYXJjaFRleHQQAhgEIAA,Shri Vishwanath Mahadev Mandir,"V3QJ+RG3, Ramghat Rd, Shyam Nagar, Aligarh, Uttar Pradesh 202001",27.8895052,78.0813088,Uttar Pradesh,Agra,"Vishwanath temple in Achhnera, Kiraoli, Agra, Uttar Pradesh, India",high,0.91,"Matched high-confidence Shiva terms: mahadev, vishwanath",2026-09-28 11:07:10.002595+00:00,2026-09-28 11:07:10.002595+00:00
ChIJIyQA1ZxFdDkR-cQqVEndSUg,https://maps.google.com/?cid=5208937751045129465&g_mp=Cidnb29nbGUubWFwcy5wbGFjZXMudjEuUGxhY2VzLlNlYXJjaFRleHQQAhgEIAA,Vishwanath Mahadev Mandir,"5CP5+Q7H, Gonch, Uttar Pradesh 283203",27.1863301,78.4081508,Uttar Pradesh,Agra,"Vishwanath temple in Achhnera, Kiraoli, Agra, Uttar Pradesh, India",high,0.91,"Matched high-confidence Shiva terms: mahadev, vishwanath",2026-09-28 11:07:06.826759+00:00,2026-09-28 11:07:06.826759+00:00
ChIJYeUAlJSRdDkR7hgbH02GQno,https://maps.google.com/?cid=8809751486882584814&g_mp=Cidnb29nbGUubWFwcy5wbGFjZXMudjEuUGxhY2VzLlNlYXJjaFRleHQQAhgEIAA,Vishwanath mahadev Mandir,"M42Q+PPR, Unnamed Road, Dariyapur, Uttar Pradesh 204102",27.65186,78.13926119999999,Uttar Pradesh,Agra,"Vishwanath temple in Achhnera, Kiraoli, Agra, Uttar Pradesh, India",high,0.91,"Matched high-confidence Shiva terms: mahadev, vishwanath",2026-09-28 11:07:08.702153+00:00,2026-09-28 11:07:08.702153+00:00
ChIJN_zn6w9xdDkRLPAtvQpC3_Q,https://maps.google.com/?cid=17644894478951903276&g_mp=Cidnb29nbGUubWFwcy5wbGFjZXMudjEuUGxhY2VzLlNlYXJjaFRleHQQAhgEIAA,Achleshwar Mahadev Temple,"52XH+RHV, Krishna Colony, Agra, Uttar Pradesh 282003",27.199625,78.0289079,Uttar Pradesh,Agra,"Mahadev temple in Achhnera, Kiraoli, Agra, Uttar Pradesh, India",high,0.88,Matched high-confidence Shiva terms: mahadev,2026-09-28 11:06:52.767689+00:00,2026-09-28 11:06:52.767689+00:00
ChIJ31YLXwpxdDkRFHxwImoxzHs,https://maps.google.com/?cid=8920559293828201492&g_mp=Cidnb29nbGUubWFwcy5wbGFjZXMudjEuUGxhY2VzLlNlYXJjaFRleHQQAhgEIAA,Baba Panchmukhi Mahadev Temple,"Belanganj, Civil Lines, Agra, Uttar Pradesh 282003",27.1914283,78.02344860000001,Uttar Pradesh,Agra,"Lingeshwar temple in Achhnera, Kiraoli, Agra, Uttar Pradesh, India",high,0.88,Matched high-confidence Shiva terms: mahadev,2026-09-28 11:07:11.856825+00:00,2026-09-28 11:07:11.856825+00:00
ChIJbRG2XdF1czkRou614uc8Iog,https://maps.google.com/?cid=9809469905005047458&g_mp=Cidnb29nbGUubWFwcy5wbGFjZXMudjEuUGxhY2VzLlNlYXJjaFRleHQQAhgEIAA,Baba Vishwanath Mandir,"CJ7W+7JQ, Dhangaon, Uttar Pradesh 281005",27.4132052,77.64662179999999,Uttar Pradesh,Agra,"Vishwanath temple in Achhnera, Kiraoli, Agra, Uttar Pradesh, India",high,0.88,Matched high-confidence Shiva terms: vishwanath,2026-09-28 11:07:07.252413+00:00,2026-09-28 11:07:07.252413+00:00
ChIJW_FiEqhwdDkRyXV0Z6m8drg,https://maps.google.com/?cid=13292018786001778121&g_mp=Cidnb29nbGUubWFwcy5wbGFjZXMudjEuUGxhY2VzLlNlYXJjaFRleHQQAhgEIAA,Balkeshwar Mahadev Mandir,"Balkeshwar Ghat Wasan, 62CJ+567, Kailash Nagar, Rajwara, Kamla Nagar, Agra, Uttar Pradesh 282005",27.220414299999998,78.0305619,Uttar Pradesh,Agra,"Shiva temple in Bah, Agra, Uttar Pradesh, India",high,0.88,Matched high-confidence Shiva terms: mahadev,2026-09-28 11:06:23.403953+00:00,2026-09-28 11:07:16+00:00
ChIJTT12ZwCPczkRiOzw0vYw8pc,https://maps.google.com/?cid=10948867480750189704&g_mp=Cidnb29nbGUubWFwcy5wbGFjZXMudjEuUGxhY2VzLlNlYXJjaFRleHQQAhgEIAA,Balkeshwar Mahadev Mandir,"4QMM+RPQ, Purani Galla Mandi, Kiraoli, Uttar Pradesh 283122",27.134598099999998,77.7843603,Uttar Pradesh,Agra,"Mahadev Mandir in Achhnera, Kiraoli, Agra, Uttar Pradesh, India",high,0.88,Matched high-confidence Shiva terms: mahadev,2026-09-28 11:06:28.449325+00:00,2026-09-28 11:07:00+00:00
ChIJGyUIyLd5dDkRwwIKdsVMG8k,https://maps.google.com/?cid=14491260636967338691&g_mp=Cidnb29nbGUubWFwcy5wbGFjZXMudjEuUGxhY2VzLlNlYXJjaFRleHQQAhgEIAA,Bankhandi mahadev,"6/312, Village, Ganesh Vihar, Sikandra, Agra, Uttar Pradesh 282007",27.220784,77.97884499999999,Uttar Pradesh,Agra,"Mahadev temple in Achhnera, Kiraoli, Agra, Uttar Pradesh, India",high,0.88,Matched high-confidence Shiva terms: mahadev,2026-09-28 11:06:55.930832+00:00,2026-09-28 11:06:55.930832+00:00
ChIJPadHJCp5dDkRKAcul3MAVVo,https://maps.google.com/?cid=6509109332891535144&g_mp=Cidnb29nbGUubWFwcy5wbGFjZXMudjEuUGxhY2VzLlNlYXJjaFRleHQQAhgEIAA,Bhawneshwar Mahadev Temple,"Bhawna Estate, Bain Bazar, Sikandra, Agra, Uttar Pradesh 282007",27.2175713,77.9600693,Uttar Pradesh,Agra,"Mahadev temple in Achhnera, Kiraoli, Agra, Uttar Pradesh, India",high,0.88,Matched high-confidence Shiva terms: mahadev,2026-09-28 11:06:53.834913+00:00,2026-09-28 11:06:53.834913+00:00
ChIJLykflg93dDkR7NaE6H9_UmY,https://maps.google.com/?cid=7373095727297517292&g_mp=Cidnb29nbGUubWFwcy5wbGFjZXMudjEuUGxhY2VzLlNlYXJjaFRleHQQAhgEIAA,Chintaharan Mahadev Mandir,"Jaipur House, 5XMM+MC5, Amba Prasad Rd, Teachers Colony, Alok Nagar, Hasanpur, Shahganj, Agra, Uttar Pradesh 282002",27.184148699999998,77.9835992,Uttar Pradesh,Agra,"Mahadev temple in Achhnera, Kiraoli, Agra, Uttar Pradesh, India",high,0.88,Matched high-confidence Shiva terms: mahadev,2026-09-28 11:06:53.699615+00:00,2026-09-28 11:06:53.699615+00:00
ChIJQaeCpSmFczkRKHl0T-c3hCU,https://maps.google.com/?cid=2703347142939146536&g_mp=Cidnb29nbGUubWFwcy5wbGFjZXMudjEuUGxhY2VzLlNlYXJjaFRleHQQAhgEIAA,Gole shiv temple,"6RCG+FR7, near ajey college, Raipura Ahir, Uttar Pradesh 283101",27.221159099999998,77.8270505,Uttar Pradesh,Agra,"Shiv Mandir in Achhnera, Kiraoli, Agra, Uttar Pradesh, India",high,0.88,Matched high-confidence Shiva terms: shiv,2026-09-28 11:06:50.365529+00:00,2026-09-28 11:06:50.365529+00:00
ChIJ0_FFQwBzczkR_2w5la2aDks,https://maps.google.com/?cid=5408430272842132735&g_mp=Cidnb29nbGUubWFwcy5wbGFjZXMudjEuUGxhY2VzLlNlYXJjaFRleHQQAhgEIAA,Haidakhan Vishwanath Madhuban Mandir.Maholi,"FJ6X+C4R, Maholi, Mathura, Uttar Pradesh 281004",27.461120299999997,77.64775670000002,Uttar Pradesh,Agra,"Vishwanath temple in Achhnera, Kiraoli, Agra, Uttar Pradesh, India",high,0.88,Matched high-confidence Shiva terms: vishwanath,2026-09-28 11:07:07.576675+00:00,2026-09-28 11:07:07.576675+00:00
ChIJ3Rv6RfB3dDkRtUuhz5igvWE,https://maps.google.com/?cid=7042961970456251317&g_mp=Cidnb29nbGUubWFwcy5wbGFjZXMudjEuUGxhY2VzLlNlYXJjaFRleHQQAhgEIAA,Hanuman Mahadev Temple,"Shree Ram, Govind Vatika Rd, near Bhramkumari Ashram, Vivekanand Puram, Paschim Puri, Uttamgiri, Sikandra, Bainpur Mustkil, Agra, Uttar Pradesh 282007",27.2043932,77.9417473,Uttar Pradesh,Agra,"Mahadev temple in Achhnera, Kiraoli, Agra, Uttar Pradesh, India",high,0.88,Matched high-confidence Shiva terms: mahadev,2026-09-28 11:06:55.669578+00:00,2026-09-28 11:06:55.669578+00:00
ChIJvTE12EqJczkRXt-eIzWGqhA,https://maps.google.com/?cid=1200919813436661598&g_mp=Cidnb29nbGUubWFwcy5wbGFjZXMudjEuUGxhY2VzLlNlYXJjaFRleHQQAhgEIAA,Himeshwar Mahadev Mandir Jaupura Panwari Agra,"Jaupura, Agra, Uttar Pradesh 283105",27.199058299999997,77.902147,Uttar Pradesh,Agra,"Mahadev temple in Achhnera, Kiraoli, Agra, Uttar Pradesh, India",high,0.88,Matched high-confidence Shiva terms: mahadev,2026-09-28 11:06:55.273047+00:00,2026-09-28 11:06:55.273047+00:00
ChIJ0UXEo655dDkRcXEYwVdCRcg,https://maps.google.com/?cid=14431013525647815025&g_mp=Cidnb29nbGUubWFwcy5wbGFjZXMudjEuUGxhY2VzLlNlYXJjaFRleHQQAhgEIAA,Kailash Mahadev Mandir Agra,"Kailash mandir, Sikandra, Agra, Bainpur Mustkil, Uttar Pradesh 282007",27.2380006,77.9360983,Uttar Pradesh,Agra,"Mahadev temple in Achhnera, Kiraoli, Agra, Uttar Pradesh, India",high,0.88,Matched high-confidence Shiva terms: mahadev,2026-09-28 11:06:54.011290+00:00,2026-09-28 11:06:54.011290+00:00
ChIJpQJeNwB5dDkRMLZql_gB_-0,https://maps.google.com/?cid=17149428073254008368&g_mp=Cidnb29nbGUubWFwcy5wbGFjZXMudjEuUGxhY2VzLlNlYXJjaFRleHQQAhgEIAA,Kailashnath Mahadev Temple,"6W8W+VM3, Radha Nagar, Sikandra, Agra, Uttar Pradesh 282007",27.217135,77.94667559999999,Uttar Pradesh,Agra,"Mahadev temple in Achhnera, Kiraoli, Agra, Uttar Pradesh, India",high,0.88,Matched high-confidence Shiva terms: mahadev,2026-09-28 11:06:57.866579+00:00,2026-09-28 11:06:57.866579+00:00
ChIJm9lrrN4eczkRLuHIKRAlVsU,https://maps.google.com/?cid=14219593624819654958&g_mp=Cidnb29nbGUubWFwcy5wbGFjZXMudjEuUGxhY2VzLlNlYXJjaFRleHQQAhgEIAA,Kashi Vishwanath Mandir,"M749+MJV, Delhi Gate Mohalla, Indira Colony, Kaman, Rajasthan 321022",27.65673,77.2690513,Uttar Pradesh,Agra,"Vishwanath temple in Achhnera, Kiraoli, Agra, Uttar Pradesh, India",high,0.88,Matched high-confidence Shiva terms: vishwanath,2026-09-28 11:07:07.188675+00:00,2026-09-28 11:07:07.188675+00:00
ChIJZyAj0RV3dDkRLNJNZfmtQVc,https://maps.google.com/?cid=6287497841443983916&g_mp=Cidnb29nbGUubWFwcy5wbGFjZXMudjEuUGxhY2VzLlNlYXJjaFRleHQQAhgEIAA,Katghareshwar Nath Mahadev Temple,"31/75, katghar, Lohamandi, Agra, Uttar Pradesh 282007",27.1948875,77.9677,Uttar Pradesh,Agra,"Mahadev temple in Achhnera, Kiraoli, Agra, Uttar Pradesh, India",high,0.88,Matched high-confidence Shiva terms: mahadev,2026-09-28 11:06:57.677170+00:00,2026-09-28 11:06:57.677170+00:00
ChIJB8j_yCanGToRzaJWlPhFKCE,https://maps.google.com/?cid=2389236536262959821&g_mp=Cidnb29nbGUubWFwcy5wbGFjZXMudjEuUGxhY2VzLlNlYXJjaFRleHQQAhgEIAA,Lingaraj Temple,"Lingaraj Temple Rd, Lingaraj Nagar, Old Town, Bhubaneswar, Odisha 751002",20.238451899999998,85.8337767,Uttar Pradesh,Agra,"Lingeshwar temple in Achhnera, Kiraoli, Agra, Uttar Pradesh, India",high,0.88,Matched high-confidence Shiva terms: linga,2026-09-28 11:07:11.919384+00:00,2026-09-28 11:07:11.919384+00:00
ChIJ4YPlSBKFczkRfpl9PgwwPDU,https://maps.google.com/?cid=3835993811758979454&g_mp=Cidnb29nbGUubWFwcy5wbGFjZXMudjEuUGxhY2VzLlNlYXJjaFRleHQQAhgEIAA,Lodheshwar Mahadev Mandir,"6Q4R+5VX, Janutha, Uttar Pradesh 283101",27.2054989,77.7922482,Uttar Pradesh,Agra,"Mahadev Mandir in Achhnera, Kiraoli, Agra, Uttar Pradesh, India",high,0.88,Matched high-confidence Shiva terms: mahadev,2026-09-28 11:07:00.766741+00:00,2026-09-28 11:07:00.766741+00:00
ChIJhcxt3qx3dDkRSr20ShKXg44,https://maps.google.com/?cid=10269217680153427274&g_mp=Cidnb29nbGUubWFwcy5wbGFjZXMudjEuUGxhY2VzLlNlYXJjaFRleHQQAhgEIAA,MA VESHNO DEVI OR SHIV MANDIR,"5XH6+FGF, Adwitiya Nagar, Shahganj, Agra, Uttar Pradesh 282010",27.178686199999998,77.96129289999999,Uttar Pradesh,Agra,"Shiv Mandir in Achhnera, Kiraoli, Agra, Uttar Pradesh, India",high,0.88,Matched high-confidence Shiva terms: shiv,2026-09-28 11:06:49.024359+00:00,2026-09-28 11:06:49.024359+00:00
ChIJscxBfADHdTkRkVPHdfpxDFQ,https://maps.google.com/?cid=6056340919438234513&g_mp=Cidnb29nbGUubWFwcy5wbGFjZXMudjEuUGxhY2VzLlNlYXJjaFRleHQQAhgEIAA,MANOKAMNA SHIV MANDIR,"3VV8+4FG, Nagla Maharam, Uttar Pradesh 283110",27.092812,77.86619,Uttar Pradesh,Agra,"Shiv Mandir in Achhnera, Kiraoli, Agra, Uttar Pradesh, India",high,0.88,Matched high-confidence Shiva terms: shiv,2026-09-28 11:06:48.038914+00:00,2026-09-28 11:06:48.038914+00:00
ChIJ3a86UwB3dDkRn831ekFgcd4,https://maps.google.com/?cid=16028698383140375967&g_mp=Cidnb29nbGUubWFwcy5wbGFjZXMudjEuUGxhY2VzLlNlYXJjaFRleHQQAhgEIAA,Mahadev Ji Maharaj Virajman Trust,"5X83+67X, Fatehpur Sikri Rd, Airport Area, Idgah Colony, Sucheta, Uttar Pradesh 282008",27.1656232,77.9532475,Uttar Pradesh,Agra,"Mahadev temple in Achhnera, Kiraoli, Agra, Uttar Pradesh, India",high,0.88,Matched high-confidence Shiva terms: mahadev,2026-09-28 11:06:55.593887+00:00,2026-09-28 11:06:55.593887+00:00
ChIJ81mFjLd3dDkRs-dQi_ZIj4w,https://maps.google.com/?cid=10128394310716024755&g_mp=Cidnb29nbGUubWFwcy5wbGFjZXMudjEuUGxhY2VzLlNlYXJjaFRleHQQAhgEIAA,Mahadev Ka Mandir,"52G6+M3R, Chhipitola, Rakabganj, Agra, Uttar Pradesh 282001",27.1767288,78.01013069999999,Uttar Pradesh,Agra,"Mahadev temple in Achhnera, Kiraoli, Agra, Uttar Pradesh, India",high,0.88,Matched high-confidence Shiva terms: mahadev,2026-09-28 11:06:58.066491+00:00,2026-09-28 11:06:58.066491+00:00
ChIJy9oALjiRczkRQo5DQRmf7b4,https://maps.google.com/?cid=13757827367504678466&g_mp=Cidnb29nbGUubWFwcy5wbGFjZXMudjEuUGxhY2VzLlNlYXJjaFRleHQQAhgEIAA,Mahadev Mandir,"5P96+VW6, Biara, Uttar Pradesh 283101",27.169651599999998,77.7122557,Uttar Pradesh,Agra,"Mahadev Mandir in Achhnera, Kiraoli, Agra, Uttar Pradesh, India",high,0.88,Matched high-confidence Shiva terms: mahadev,2026-09-28 11:07:01.817970+00:00,2026-09-28 11:07:01.817970+00:00
ChIJA0GDNwCPczkRPDzSw41UP8A,https://maps.google.com/?cid=13852883946667392060&g_mp=Cidnb29nbGUubWFwcy5wbGFjZXMudjEuUGxhY2VzLlNlYXJjaFRleHQQAhgEIAA,Mahadev Temple,"Shivalaya Temple, Agra - Bharatpur Rd, Sahara, Achhnera, Uttar Pradesh 283101",27.1774465,77.74753489999999,Uttar Pradesh,Agra,"Mahadev Mandir in Achhnera, Kiraoli, Agra, Uttar Pradesh, India",high,0.88,Matched high-confidence Shiva terms: mahadev,2026-09-28 11:06:22.970959+00:00,2026-09-28 11:06:59+00:00
ChIJmTKa6aOFczkR8tAvFfa4IHs,https://maps.google.com/?cid=8872294632976797938&g_mp=Cidnb29nbGUubWFwcy5wbGFjZXMudjEuUGxhY2VzLlNlYXJjaFRleHQQAhgEIAA,Mahadev Temple,"6QHV+7C3, Achhera - Kitham Rd, Mai, Uttar Pradesh 283101",27.2281253,77.7935617,Uttar Pradesh,Agra,"Mahadev temple in Achhnera, Kiraoli, Agra, Uttar Pradesh, India",high,0.88,Matched high-confidence Shiva terms: mahadev,2026-09-28 11:06:55.209182+00:00,2026-09-28 11:06:55.209182+00:00
ChIJj1XVA6WFczkRqyoIWxxP7xk,https://maps.google.com/?cid=1868799353586985643&g_mp=Cidnb29nbGUubWFwcy5wbGFjZXMudjEuUGxhY2VzLlNlYXJjaFRleHQQAhgEIAA,Mahadev Temple,"Rd, Off, Agra Bypass, Kasoti, Uttar Pradesh 283101",27.2336608,77.79986509999999,Uttar Pradesh,Agra,"Mahadev temple in Achhnera, Kiraoli, Agra, Uttar Pradesh, India",high,0.88,Matched high-confidence Shiva terms: mahadev,2026-09-28 11:06:55.467869+00:00,2026-09-28 11:06:55.467869+00:00
ChIJk-lONgCJczkR4tSNEfHtD-Y,https://maps.google.com/?cid=16577730373011494114&g_mp=Cidnb29nbGUubWFwcy5wbGFjZXMudjEuUGxhY2VzLlNlYXJjaFRleHQQAhgEIAA,Mahadev family temple,"5WC7+8MM, Bichpuri, Uttar Pradesh 283105",27.1708525,77.9141882,Uttar Pradesh,Agra,"Mahadev temple in Achhnera, Kiraoli, Agra, Uttar Pradesh, India",high,0.88,Matched high-confidence Shiva terms: mahadev,2026-09-28 11:06:58.202606+00:00,2026-09-28 11:06:58.202606+00:00
ChIJS48ZyMmHczkRokRGQJhH0ss,https://maps.google.com/?cid=14686880054047556770&g_mp=Cidnb29nbGUubWFwcy5wbGFjZXMudjEuUGxhY2VzLlNlYXJjaFRleHQQAhgEIAA,Mahadev ka mandir,"tile wale, renuka dham, hanuman mandir, Agra, Uttar Pradesh 282007",27.250917599999998,77.87644039999999,Uttar Pradesh,Agra,"Mahadev temple in Achhnera, Kiraoli, Agra, Uttar Pradesh, India",high,0.88,Matched high-confidence Shiva terms: mahadev,2026-09-28 11:06:55.863067+00:00,2026-09-28 11:06:55.863067+00:00
ChIJW1IPfeyPczkR8_9asZdL99M,https://maps.google.com/?cid=15273759776138002419&g_mp=Cidnb29nbGUubWFwcy5wbGFjZXMudjEuUGxhY2VzLlNlYXJjaFRleHQQAhgEIAA,Mahadev mandir,"5RH4+5V9, Raibha, Uttar Pradesh 283101",27.178382799999998,77.8070272,Uttar Pradesh,Agra,"Mahadev Mandir in Achhnera, Kiraoli, Agra, Uttar Pradesh, India",high,0.88,Matched high-confidence Shiva terms: mahadev,2026-09-28 11:06:57.423737+00:00,2026-09-28 11:07:00+00:00
ChIJlZLZiVibczkRqlDPfM4ip00,https://maps.google.com/?cid=5595479332283699370&g_mp=Cidnb29nbGUubWFwcy5wbGFjZXMudjEuUGxhY2VzLlNlYXJjaFRleHQQAhgEIAA,Mahadev temple,"6P8Q+V26, Unnamed Road, Chaipokhar, Uttar Pradesh 283101",27.217153699999997,77.73750299999999,Uttar Pradesh,Agra,"Mahadev Mandir in Achhnera, Kiraoli, Agra, Uttar Pradesh, India",high,0.88,Matched high-confidence Shiva terms: mahadev,2026-09-28 11:07:00.830776+00:00,2026-09-28 11:07:00.830776+00:00
ChIJv-rtIAB3dDkRWlgdIm_sHQ8,https://maps.google.com/?cid=1089286646951401562&g_mp=Cidnb29nbGUubWFwcy5wbGFjZXMudjEuUGxhY2VzLlNlYXJjaFRleHQQAhgEIAA,Mahadev temple 🛕,"24/168, Naya Bans, Sirki Mandi, Shahganj, Agra, Uttar Pradesh 282002",27.1885284,77.9939074,Uttar Pradesh,Agra,"Mahadev temple in Achhnera, Kiraoli, Agra, Uttar Pradesh, India",high,0.88,Matched high-confidence Shiva terms: mahadev,2026-09-28 11:06:53.230785+00:00,2026-09-28 11:06:53.230785+00:00
ChIJnRZssyRxdDkRb1HQducm14w,https://maps.google.com/?cid=10148623060875366767&g_mp=Cidnb29nbGUubWFwcy5wbGFjZXMudjEuUGxhY2VzLlNlYXJjaFRleHQQAhgEIAA,Mamleshwar Mahadev,"527P+R8R, Taj Rd, Near Howard Park Plaza, Purani Mandi, 15th Battallion PAC Quaters, Khairati Tola, Agra, Uttar Pradesh 282001",27.164624399999997,78.0357567,Uttar Pradesh,Agra,"Mahadev temple in Achhnera, Kiraoli, Agra, Uttar Pradesh, India",high,0.88,Matched high-confidence Shiva terms: mahadev,2026-09-28 11:06:57.359687+00:00,2026-09-28 11:06:57.359687+00:00
ChIJ6dqqDLZ3dDkRYI8OE3vJxVg,https://maps.google.com/?cid=6396740376187539296&g_mp=Cidnb29nbGUubWFwcy5wbGFjZXMudjEuUGxhY2VzLlNlYXJjaFRleHQQAhgEIAA,Mansarovar Colony Shiv Mandir,"5XF2+WXP, Deoretha 1, Shahganj, Agra, Uttar Pradesh 282010",27.174834699999998,77.9524424,Uttar Pradesh,Agra,"Shiv Mandir in Achhnera, Kiraoli, Agra, Uttar Pradesh, India",high,0.88,Matched high-confidence Shiva terms: shiv,2026-09-28 11:06:48.298710+00:00,2026-09-28 11:06:48.298710+00:00
ChIJCwfCY2x4dDkRF7zok-t92Cg,https://maps.google.com/?cid=2943240807238908951&g_mp=Cidnb29nbGUubWFwcy5wbGFjZXMudjEuUGxhY2VzLlNlYXJjaFRleHQQAhgEIAA,Mota Mahadev Temple,"6WXQ+49J, Swami Mustkil, Sehat Khadar, Uttar Pradesh 282007",27.2478478,77.9383864,Uttar Pradesh,Agra,"Mahadev Mandir in Achhnera, Kiraoli, Agra, Uttar Pradesh, India",high,0.88,Matched high-confidence Shiva terms: mahadev,2026-09-28 11:06:53.436198+00:00,2026-09-28 11:07:00+00:00
ChIJofKRyeqPczkRxcCKUEWYIUY,https://maps.google.com/?cid=5053487680357843141&g_mp=Cidnb29nbGUubWFwcy5wbGFjZXMudjEuUGxhY2VzLlNlYXJjaFRleHQQAhgEIAA,Neelkanth Mahadev Mandir,"5QJ5+2VJ, Unnamed Road, Achhnera, Uttar Pradesh 283101",27.1800976,77.7596265,Uttar Pradesh,Agra,"Mahadev Mandir in Achhnera, Kiraoli, Agra, Uttar Pradesh, India",high,0.88,Matched high-confidence Shiva terms: mahadev,2026-09-28 11:06:23.217119+00:00,2026-09-28 11:06:59+00:00
ChIJ72cKt455dDkRNfGoA6cQRCw,https://maps.google.com/?cid=3189692745592140085&g_mp=Cidnb29nbGUubWFwcy5wbGFjZXMudjEuUGxhY2VzLlNlYXJjaFRleHQQAhgEIAA,Neelkanth Mahadev Mandir,"Amar ujala press, Kakraita Rd, Sikandra, Agra, Uttar Pradesh 282007",27.2111229,77.97070070000001,Uttar Pradesh,Agra,"Mahadev Mandir in Achhnera, Kiraoli, Agra, Uttar Pradesh, India",high,0.88,Matched high-confidence Shiva terms: mahadev,2026-09-28 11:06:55.338451+00:00,2026-09-28 11:07:00+00:00
ChIJlxcSfziPczkR83M4jbvpbjA,https://maps.google.com/?cid=3489983752996156403&g_mp=Cidnb29nbGUubWFwcy5wbGFjZXMudjEuUGxhY2VzLlNlYXJjaFRleHQQAhgEIAA,New Shiv Mandir Dhanoli Achhnera,"5Q7J+8WM, Dhanoli, Uttar Pradesh 283101",27.163341600000003,77.7822879,Uttar Pradesh,Agra,"Shiv Mandir in Achhnera, Kiraoli, Agra, Uttar Pradesh, India",high,0.88,Matched high-confidence Shiva terms: shiv,2026-09-28 11:06:25.346133+00:00,2026-09-28 11:06:48+00:00
ChIJqRio7rl3dDkRKouvKzwGfqI,https://maps.google.com/?cid=11708802936710597418&g_mp=Cidnb29nbGUubWFwcy5wbGFjZXMudjEuUGxhY2VzLlNlYXJjaFRleHQQAhgEIAA,Old Shiv Mandir (1946),"Saray Bega, Transport Nagar, Agra, Uttar Pradesh 282007",27.2087448,77.9707794,Uttar Pradesh,Agra,"Shiv Mandir in Achhnera, Kiraoli, Agra, Uttar Pradesh, India",high,0.88,Matched high-confidence Shiva terms: shiv,2026-09-28 11:06:48.362532+00:00,2026-09-28 11:06:48.362532+00:00
ChIJNxTwJOYxdDkRV4d_kYrBLX0,https://maps.google.com/?cid=9020078429583673175&g_mp=Cidnb29nbGUubWFwcy5wbGFjZXMudjEuUGxhY2VzLlNlYXJjaFRleHQQAhgEIAA,"One Hundred and eight Shiv Temple, Bateshwar","Late. Arun Yadav City, Bateshwar, Uttar Pradesh 283113",26.9340861,78.542788,Uttar Pradesh,Agra,"Shiva temple in Bah, Agra, Uttar Pradesh, India",high,0.88,Matched high-confidence Shiva terms: shiv,2026-09-28 11:07:16.154568+00:00,2026-09-28 11:07:16.154568+00:00
ChIJuy_qVgB1dDkR9zDBWEWAUOo,https://maps.google.com/?cid=16884136038342144247&g_mp=Cidnb29nbGUubWFwcy5wbGFjZXMudjEuUGxhY2VzLlNlYXJjaFRleHQQAhgEIAA,Pracheen Shiv Mandir. प्राचीन शिव मंदिर,"4X6X+24Q, Chennai - Delhi Hwy, New Suraksha Vihar Phase 1, Rohta, Agra, Uttar Pradesh 282009",27.1100928,77.9978462,Uttar Pradesh,Agra,"Shiv Mandir in Achhnera, Kiraoli, Agra, Uttar Pradesh, India",high,0.88,Matched high-confidence Shiva terms: shiv,2026-09-28 11:06:45.468871+00:00,2026-09-28 11:06:45.468871+00:00
ChIJa9zLpPF3dDkRUjQ6wVfABNU,https://maps.google.com/?cid=15349604913121997906&g_mp=Cidnb29nbGUubWFwcy5wbGFjZXMudjEuUGxhY2VzLlNlYXJjaFRleHQQAhgEIAA,Prachin Devi & Mahadev Temple,"6W3V+W98, Harish Nagar, Paschim Puri, Suruchipuram Colony, Sikandra, Agra, Bainpur Mustkil, Uttar Pradesh 282007",27.2047989,77.9434412,Uttar Pradesh,Agra,"Mahadev temple in Achhnera, Kiraoli, Agra, Uttar Pradesh, India",high,0.88,Matched high-confidence Shiva terms: mahadev,2026-09-28 11:06:56.124868+00:00,2026-09-28 11:06:56.124868+00:00
ChIJv6Tv20FxdDkRSiA40Z2fy0Y,https://maps.google.com/?cid=5101346503096016970&g_mp=Cidnb29nbGUubWFwcy5wbGFjZXMudjEuUGxhY2VzLlNlYXJjaFRleHQQAhgEIAA,Prachin Rajeshwar Mahadev Mandir,"Rajeshwar Mandir, रोड, अनंतपुरम, इन्द्रपुरम, कावेरी विहार फेस II, शमसाबाद, आगरा, उत्तर प्रदेश 282001",27.1433081,78.0438255,Uttar Pradesh,Agra,"Rudreshwar temple in Achhnera, Kiraoli, Agra, Uttar Pradesh, India",high,0.88,Matched high-confidence Shiva terms: mahadev,2026-09-28 11:06:23.343145+00:00,2026-09-28 11:07:14+00:00
ChIJIzm-I16FczkRG_D-PzeIv9M,https://maps.google.com/?cid=15258063833432780827&g_mp=Cidnb29nbGUubWFwcy5wbGFjZXMudjEuUGxhY2VzLlNlYXJjaFRleHQQAhgEIAA,Prachin Shiv Mandir,"6Q39+536 bahora thok, Kachora, Achhnera, Uttar Pradesh 283101",27.2029207,77.76763319999999,Uttar Pradesh,Agra,"Mahadev Mandir in Achhnera, Kiraoli, Agra, Uttar Pradesh, India",high,0.88,Matched high-confidence Shiva terms: shiv,2026-09-28 11:06:23.032581+00:00,2026-09-28 11:06:59+00:00
ChIJJ78eIHt5dDkRQ6kE2qppCoI,https://maps.google.com/?cid=9370418157220833603&g_mp=Cidnb29nbGUubWFwcy5wbGFjZXMudjEuUGxhY2VzLlNlYXJjaFRleHQQAhgEIAA,Prachin Shiv Mandir,"6W8X+P6Q, Tomb of Akbar The Great Area, Sikandra, Agra, Uttar Pradesh 282007",27.2168483,77.94812170000002,Uttar Pradesh,Agra,"Shiv Mandir in Achhnera, Kiraoli, Agra, Uttar Pradesh, India",high,0.88,Matched high-confidence Shiva terms: shiv,2026-09-28 11:06:48.488098+00:00,2026-09-28 11:06:48.488098+00:00
ChIJYfolLLwtdDkRkWjKObhXzrU,https://maps.google.com/?cid=13100504814822516881&g_mp=Cidnb29nbGUubWFwcy5wbGFjZXMudjEuUGxhY2VzLlNlYXJjaFRleHQQAhgEIAA,Prachin Shiv Mandir Bah,"VHCV+HXG, Bah, Uttar Pradesh 283104",26.871437,78.5949576,Uttar Pradesh,Agra,"Shiva temple in Bah, Agra, Uttar Pradesh, India",high,0.88,Matched high-confidence Shiva terms: shiv,2026-09-28 11:07:16.282187+00:00,2026-09-28 11:07:16.282187+00:00
ChIJfakI6VmPczkRvjhGZsSrhC8,https://maps.google.com/?cid=3424050476726237374&g_mp=Cidnb29nbGUubWFwcy5wbGFjZXMudjEuUGxhY2VzLlNlYXJjaFRleHQQAhgEIAA,Prachin shiv mandir,"5RVP+36Q, Kukathala, Uttar Pradesh 283105",27.192714400000003,77.83561259999999,Uttar Pradesh,Agra,"Shiv Mandir in Achhnera, Kiraoli, Agra, Uttar Pradesh, India",high,0.88,Matched high-confidence Shiva terms: shiv,2026-09-28 11:06:50.430040+00:00,2026-09-28 11:06:50.430040+00:00
ChIJgfYpGQCPczkRPefVnucsk60,https://maps.google.com/?cid=12507389963451885373&g_mp=Cidnb29nbGUubWFwcy5wbGFjZXMudjEuUGxhY2VzLlNlYXJjaFRleHQQAhgEIAA,Prachin vankhandi shiv mandir,"4RHG+J5R Nagla Brahman, Kiraoli, Davli, Uttar Pradesh 283105",27.1291232,77.8253806,Uttar Pradesh,Agra,"Shiv Mandir in Achhnera, Kiraoli, Agra, Uttar Pradesh, India",high,0.88,Matched high-confidence Shiva terms: shiv,2026-09-28 11:06:48.101954+00:00,2026-09-28 11:06:48.101954+00:00
ChIJ6wRnKUZ3dDkRFQu4DpdpMJw,https://maps.google.com/?cid=11254611566306790165&g_mp=Cidnb29nbGUubWFwcy5wbGFjZXMudjEuUGxhY2VzLlNlYXJjaFRleHQQAhgEIAA,Prithvi Nath Mahadev Temple,"LR Residency, Fatehpur Sikri Rd, Prithvinath Mandir, Ashok Vihar, Kedar Nagar, Shahganj, Agra, Uttar Pradesh 282010",27.1730255,77.9754427,Uttar Pradesh,Agra,"Rudreshwar temple in Achhnera, Kiraoli, Agra, Uttar Pradesh, India",high,0.88,Matched high-confidence Shiva terms: mahadev,2026-09-28 11:06:25.115872+00:00,2026-09-28 11:07:14+00:00
ChIJ77h8nTyPczkRK7-XuYPnAoo,https://maps.google.com/?cid=9944765480127938347&g_mp=Cidnb29nbGUubWFwcy5wbGFjZXMudjEuUGxhY2VzLlNlYXJjaFRleHQQAhgEIAA,Railway Shiv Mandir,"5QJ7+WF4, Achhnera, Uttar Pradesh 283101",27.1822604,77.7637092,Uttar Pradesh,Agra,"Mahadev Mandir in Achhnera, Kiraoli, Agra, Uttar Pradesh, India",high,0.88,Matched high-confidence Shiva terms: shiv,2026-09-28 11:06:23.089444+00:00,2026-09-28 11:07:00+00:00
ChIJHxPZAqZ3dDkRbx0j9xm7t7s,https://maps.google.com/?cid=13526485726025424239&g_mp=Cidnb29nbGUubWFwcy5wbGFjZXMudjEuUGxhY2VzLlNlYXJjaFRleHQQAhgEIAA,Rameshwar Nath Mahadev Mandir,"5W6H+9MJ, Pathauli Village, Agra, Uttar Pradesh 283105",27.1609542,77.92913,Uttar Pradesh,Agra,"Mahadev temple in Achhnera, Kiraoli, Agra, Uttar Pradesh, India",high,0.88,Matched high-confidence Shiva terms: mahadev,2026-09-28 11:06:57.165029+00:00,2026-09-28 11:06:57.165029+00:00
ChIJl4y-IgB3dDkRxCQHpyzYtEU,https://maps.google.com/?cid=5022877170717369540&g_mp=Cidnb29nbGUubWFwcy5wbGFjZXMudjEuUGxhY2VzLlNlYXJjaFRleHQQAhgEIAA,Rawali mahadev,"164, Namner, Rakabganj, Agra, Uttar Pradesh 282001",27.175951299999998,78.00646379999999,Uttar Pradesh,Agra,"Rudreshwar temple in Achhnera, Kiraoli, Agra, Uttar Pradesh, India",high,0.88,Matched high-confidence Shiva terms: mahadev,2026-09-28 11:06:57.100512+00:00,2026-09-28 11:07:14+00:00
ChIJZa25F99_czkRYHWX271tSlQ,https://maps.google.com/?cid=6073787709662917984&g_mp=Cidnb29nbGUubWFwcy5wbGFjZXMudjEuUGxhY2VzLlNlYXJjaFRleHQQAhgEIAA,Rudreshwar Mahadev Mandir,"CVPP+7QF, Dagheta, Uttar Pradesh 281301",27.435632299999998,77.8870919,Uttar Pradesh,Agra,"Rudreshwar temple in Achhnera, Kiraoli, Agra, Uttar Pradesh, India",high,0.88,Matched high-confidence Shiva terms: mahadev,2026-09-28 11:07:14.103389+00:00,2026-09-28 11:07:14.103389+00:00
ChIJ2dV3HBdHcjkR_hO6W6tqGV8,https://maps.google.com/?cid=6852625592231793662&g_mp=Cidnb29nbGUubWFwcy5wbGFjZXMudjEuUGxhY2VzLlNlYXJjaFRleHQQAhgEIAA,Rudreshwar Mahadev Temple,"WXX8+775, Kutakpur, Rajasthan 322240",26.948130799999998,76.9657462,Uttar Pradesh,Agra,"Rudreshwar temple in Achhnera, Kiraoli, Agra, Uttar Pradesh, India",high,0.88,Matched high-confidence Shiva terms: mahadev,2026-09-28 11:07:13.909964+00:00,2026-09-28 11:07:13.909964+00:00
ChIJRf0zjmOpdDkRGnh_nRSi5YA,https://maps.google.com/?cid=9288008015946938394&g_mp=Cidnb29nbGUubWFwcy5wbGFjZXMudjEuUGxhY2VzLlNlYXJjaFRleHQQAhgEIAA,Rudreshwar mahadev mandir,"22R6+92W, Piploth, Gokulpur, Piplauth Gokulpur, Uttar Pradesh 202122",28.040979399999998,78.0100854,Uttar Pradesh,Agra,"Rudreshwar temple in Achhnera, Kiraoli, Agra, Uttar Pradesh, India",high,0.88,Matched high-confidence Shiva terms: mahadev,2026-09-28 11:07:14.234276+00:00,2026-09-28 11:07:14.234276+00:00
ChIJMS1JaHQ5cjkRHMdQU2CIHIA,https://maps.google.com/?cid=9231403283498714908&g_mp=Cidnb29nbGUubWFwcy5wbGFjZXMudjEuUGxhY2VzLlNlYXJjaFRleHQQAhgEIAA,Rudreshwar mahadev temple,"WXJP+F3C, Kherla Bujurg, Rajasthan 322240",26.9311962,76.9851467,Uttar Pradesh,Agra,"Rudreshwar temple in Achhnera, Kiraoli, Agra, Uttar Pradesh, India",high,0.88,Matched high-confidence Shiva terms: mahadev,2026-09-28 11:07:13.844742+00:00,2026-09-28 11:07:13.844742+00:00
ChIJIcQIKzKNczkReg43QR-nvd8,https://maps.google.com/?cid=16122225993736195706&g_mp=Cidnb29nbGUubWFwcy5wbGFjZXMudjEuUGxhY2VzLlNlYXJjaFRleHQQAhgEIAA,SHIV शिवोहम,"4R24+65Q, Unnamed Road, Chainkora, Uttar Pradesh 283110",27.1005996,77.8054758,Uttar Pradesh,Agra,"Shiv Mandir in Achhnera, Kiraoli, Agra, Uttar Pradesh, India",high,0.88,Matched high-confidence Shiva terms: shiv,2026-09-28 11:06:50.497269+00:00,2026-09-28 11:06:50.497269+00:00
ChIJcY5sIY-IczkRfrU9W5KULd0,https://maps.google.com/?cid=15937558012650960254&g_mp=Cidnb29nbGUubWFwcy5wbGFjZXMudjEuUGxhY2VzLlNlYXJjaFRleHQQAhgEIAA,Shideswar Mahadev Temple,"5VVG+J6V, Outer Ring Rd, Atus, Uttar Pradesh 283105",27.1941243,77.87555689999999,Uttar Pradesh,Agra,"Mahadev temple in Achhnera, Kiraoli, Agra, Uttar Pradesh, India",high,0.88,Matched high-confidence Shiva terms: mahadev,2026-09-28 11:06:51.340735+00:00,2026-09-28 11:06:53+00:00
ChIJ2abtEs1xdDkRMOB2W7RDulU,https://maps.google.com/?cid=6177324280799748144&g_mp=Cidnb29nbGUubWFwcy5wbGFjZXMudjEuUGxhY2VzLlNlYXJjaFRleHQQAhgEIAA,Shir Kamleshwar naath Mahadev Temple,"627G+XHV, Natrajpuram, Balkeshwar Colony, Kamla Nagar, Agra, Uttar Pradesh 282005",27.2149869,78.02640749999999,Uttar Pradesh,Agra,"Mahadev temple in Achhnera, Kiraoli, Agra, Uttar Pradesh, India",high,0.88,Matched high-confidence Shiva terms: mahadev,2026-09-28 11:06:55.014261+00:00,2026-09-28 11:06:55.014261+00:00
ChIJx27tJgCPczkRVZiPnAQM9CU,https://maps.google.com/?cid=2734824087666792533&g_mp=Cidnb29nbGUubWFwcy5wbGFjZXMudjEuUGxhY2VzLlNlYXJjaFRleHQQAhgEIAA,Shiv Mandir,"4QMP+P7P, Purani Galla Mandi, Kiraoli, Abhaudopura, Uttar Pradesh 283122",27.1343431,77.7857045,Uttar Pradesh,Agra,"Shiv Mandir in Achhnera, Kiraoli, Agra, Uttar Pradesh, India",high,0.88,Matched high-confidence Shiva terms: shiv,2026-09-28 11:06:23.515811+00:00,2026-09-28 11:06:46+00:00
ChIJgQQDw_KRczkRzAf57NtpaAI,https://maps.google.com/?cid=173504978948261836&g_mp=Cidnb29nbGUubWFwcy5wbGFjZXMudjEuUGxhY2VzLlNlYXJjaFRleHQQAhgEIAA,Shiv Mandir,"Sanshan T Road, 5PRG+G2H, Arrua Khas, Uttar Pradesh 283101",27.1913204,77.7251241,Uttar Pradesh,Agra,"Shiv Mandir in Achhnera, Kiraoli, Agra, Uttar Pradesh, India",high,0.88,Matched high-confidence Shiva terms: shiv,2026-09-28 11:06:25.230599+00:00,2026-09-28 11:06:48+00:00
ChIJM2sX0FMtdDkRfJZxI28TOmY,https://maps.google.com/?cid=7366221508574811772&g_mp=Cidnb29nbGUubWFwcy5wbGFjZXMudjEuUGxhY2VzLlNlYXJjaFRleHQQAhgEIAA,Shiv Mandir,"VHWH+52F, Agra - Bah Rd, Kheda Devidass, Uttar Pradesh 283104",26.8954381,78.577546,Uttar Pradesh,Agra,"Shiva temple in Bah, Agra, Uttar Pradesh, India",high,0.88,Matched high-confidence Shiva terms: shiv,2026-09-28 11:07:16.856790+00:00,2026-09-28 11:07:16.856790+00:00
ChIJSSVAQ-2RczkRR3ZqzWmqN9Y,https://maps.google.com/?cid=15435993619230258759&g_mp=Cidnb29nbGUubWFwcy5wbGFjZXMudjEuUGxhY2VzLlNlYXJjaFRleHQQAhgEIAA,Shiv Mandir,"5P4H+42H, Santha, Uttar Pradesh 283110",27.1553218,77.72762349999999,Uttar Pradesh,Agra,"Shiv Mandir in Achhnera, Kiraoli, Agra, Uttar Pradesh, India",high,0.88,Matched high-confidence Shiva terms: shiv,2026-09-28 11:06:25.981095+00:00,2026-09-28 11:06:50+00:00
ChIJLRNazct3dDkRKX-iOBZxfR0,https://maps.google.com/?cid=2124978939442134825&g_mp=Cidnb29nbGUubWFwcy5wbGFjZXMudjEuUGxhY2VzLlNlYXJjaFRleHQQAhgEIAA,Shiv Mandir,"5WFX+86X, Agra, Uttar Pradesh 282010",27.1733518,77.9481168,Uttar Pradesh,Agra,"Shiv Mandir in Achhnera, Kiraoli, Agra, Uttar Pradesh, India",high,0.88,Matched high-confidence Shiva terms: shiv,2026-09-28 11:06:46.744614+00:00,2026-09-28 11:06:46.744614+00:00
ChIJM5emZOmHczkRrrKcxKx1i-4,https://maps.google.com/?cid=17188961787683058350&g_mp=Cidnb29nbGUubWFwcy5wbGFjZXMudjEuUGxhY2VzLlNlYXJjaFRleHQQAhgEIAA,Shiv Mandir,"6WH5+8J5, Artoni Rd, Mohaniya Nagar, Artauni, Agra, Uttar Pradesh 282007",27.2282741,77.9091114,Uttar Pradesh,Agra,"Shiv Mandir in Achhnera, Kiraoli, Agra, Uttar Pradesh, India",high,0.88,Matched high-confidence Shiva terms: shiv,2026-09-28 11:06:48.233178+00:00,2026-09-28 11:06:48.233178+00:00
ChIJfe_KkWOJczkRsTTS5DQIsS0,https://maps.google.com/?cid=3292421825854846129&g_mp=Cidnb29nbGUubWFwcy5wbGFjZXMudjEuUGxhY2VzLlNlYXJjaFRleHQQAhgEIAA,Shiv Mandir,"4VHX+PW7, Agra, Uttar Pradesh 283102",27.129298199999997,77.8998022,Uttar Pradesh,Agra,"Shiv Mandir in Achhnera, Kiraoli, Agra, Uttar Pradesh, India",high,0.88,Matched high-confidence Shiva terms: shiv,2026-09-28 11:06:48.555703+00:00,2026-09-28 11:06:48.555703+00:00
ChIJFf1uUFh3dDkRBmJc9gKfJEA,https://maps.google.com/?cid=4621993952660972038&g_mp=Cidnb29nbGUubWFwcy5wbGFjZXMudjEuUGxhY2VzLlNlYXJjaFRleHQQAhgEIAA,Shiv Mandir,"6W3Q+XH6, Suruchipuram Colony, Sikandra, Agra, Uttar Pradesh 282007",27.20491,77.93888559999999,Uttar Pradesh,Agra,"Shiv Mandir in Achhnera, Kiraoli, Agra, Uttar Pradesh, India",high,0.88,Matched high-confidence Shiva terms: shiv,2026-09-28 11:06:48.688896+00:00,2026-09-28 11:06:48.688896+00:00
ChIJtdtDGiF3dDkRMEE3FMz05B8,https://maps.google.com/?cid=2298230867215466800&g_mp=Cidnb29nbGUubWFwcy5wbGFjZXMudjEuUGxhY2VzLlNlYXJjaFRleHQQAhgEIAA,Shiv Mandir,"5XQ5+6H3, Bodla, Lohamandi, Agra, Uttar Pradesh 282007",27.188008999999997,77.95893720000001,Uttar Pradesh,Agra,"Shiv Mandir in Achhnera, Kiraoli, Agra, Uttar Pradesh, India",high,0.88,Matched high-confidence Shiva terms: shiv,2026-09-28 11:06:48.820679+00:00,2026-09-28 11:06:48.820679+00:00
ChIJp2S-afp2dDkRhf5fvkrbaSk,https://maps.google.com/?cid=2984157342177689221&g_mp=Cidnb29nbGUubWFwcy5wbGFjZXMudjEuUGxhY2VzLlNlYXJjaFRleHQQAhgEIAA,Shiv Mandir,"5X6J+CH4, Jagner Rd, Kheria Mode, Ajit Nagar, Arjun Nagar, Agra, Uttar Pradesh 282001",27.161008799999998,77.9814387,Uttar Pradesh,Agra,"Shiv Mandir in Achhnera, Kiraoli, Agra, Uttar Pradesh, India",high,0.88,Matched high-confidence Shiva terms: shiv,2026-09-28 11:06:48.885583+00:00,2026-09-28 11:06:48.885583+00:00
ChIJeTc4qDWRczkR2PjsNPhSNOo,https://maps.google.com/?cid=16876204929657403608&g_mp=Cidnb29nbGUubWFwcy5wbGFjZXMudjEuUGxhY2VzLlNlYXJjaFRleHQQAhgEIAA,Shiv Mandir,"Nagar, 4M48+GGM, Nagar Village, Sikri Hissa 4, Fatehpur Sikri, Uttar Pradesh 283110",27.1063421,77.6662941,Uttar Pradesh,Agra,"Shiv Mandir in Achhnera, Kiraoli, Agra, Uttar Pradesh, India",high,0.88,Matched high-confidence Shiva terms: shiv,2026-09-28 11:06:49.089828+00:00,2026-09-28 11:06:49.089828+00:00
ChIJlbHyLEZ3dDkRH1YvP2-S8bk,https://maps.google.com/?cid=13398651372903028255&g_mp=Cidnb29nbGUubWFwcy5wbGFjZXMudjEuUGxhY2VzLlNlYXJjaFRleHQQAhgEIAA,Shiv Mandir,"5XG3+J7V, Pushpanjali Nagar Phase 3, Shahganj, Agra, Uttar Pradesh 282010",27.176619400000003,77.9531792,Uttar Pradesh,Agra,"Shiv Mandir in Achhnera, Kiraoli, Agra, Uttar Pradesh, India",high,0.88,Matched high-confidence Shiva terms: shiv,2026-09-28 11:06:50.234784+00:00,2026-09-28 11:06:50.234784+00:00
ChIJKbPglxR3dDkRoQm0pmvm8-Q,https://maps.google.com/?cid=16497783210020964769&g_mp=Cidnb29nbGUubWFwcy5wbGFjZXMudjEuUGxhY2VzLlNlYXJjaFRleHQQAhgEIAA,Shiv Mandir,"Drpoati Bhawan 68, Baghel Gali, Genda Vihar ,Colony, Dorietha, no 1, Genda Lal Colony, Shahganj, Agra, Uttar Pradesh 282010",27.172506499999997,77.9596193,Uttar Pradesh,Agra,"Shiv Mandir in Achhnera, Kiraoli, Agra, Uttar Pradesh, India",high,0.88,Matched high-confidence Shiva terms: shiv,2026-09-28 11:06:50.753654+00:00,2026-09-28 11:06:50.753654+00:00
ChIJ_8LaRIV3dDkRh6p0R7YwZGM,https://maps.google.com/?cid=7161902866866940551&g_mp=Cidnb29nbGUubWFwcy5wbGFjZXMudjEuUGxhY2VzLlNlYXJjaFRleHQQAhgEIAA,Shiv Mandir,"5XH6+RVQ, Alwatiya Rd, Albatiya, Adwitiya Nagar, Shahganj, Agra, Uttar Pradesh 282010",27.179582399999997,77.9622368,Uttar Pradesh,Agra,"Shiv Mandir in Achhnera, Kiraoli, Agra, Uttar Pradesh, India",high,0.88,Matched high-confidence Shiva terms: shiv,2026-09-28 11:06:51.148654+00:00,2026-09-28 11:06:51.148654+00:00
ChIJ7U6tFj53dDkR8cZ69j_alYA,https://maps.google.com/?cid=9265551776637699825&g_mp=Cidnb29nbGUubWFwcy5wbGFjZXMudjEuUGxhY2VzLlNlYXJjaFRleHQQAhgEIAA,Shiv Mandir,"282002, 30/162, Kidwai Park Rd, Raja Mandi, Raja ki Mandi, Shahganj, Agra, Uttar Pradesh 282002",27.191069300000002,77.9977339,Uttar Pradesh,Agra,"Shiv Mandir in Achhnera, Kiraoli, Agra, Uttar Pradesh, India",high,0.88,Matched high-confidence Shiva terms: shiv,2026-09-28 11:06:51.212655+00:00,2026-09-28 11:06:51.212655+00:00
ChIJv6L5cWuJczkR7lImJLEB-mE,https://maps.google.com/?cid=7059957226184004334&g_mp=Cidnb29nbGUubWFwcy5wbGFjZXMudjEuUGxhY2VzLlNlYXJjaFRleHQQAhgEIAA,Shiv Mandir,"4VV9+QJR, Nagla Gujra, Uttar Pradesh 283105",27.1444929,77.86901999999999,Uttar Pradesh,Agra,"Shiv Mandir in Achhnera, Kiraoli, Agra, Uttar Pradesh, India",high,0.88,Matched high-confidence Shiva terms: shiv,2026-09-28 11:06:51.276796+00:00,2026-09-28 11:06:51.276796+00:00
ChIJiRk8k3yHczkRZrpB4WqosW4,https://maps.google.com/?cid=7976341592049039974&g_mp=Cidnb29nbGUubWFwcy5wbGFjZXMudjEuUGxhY2VzLlNlYXJjaFRleHQQAhgEIAA,Shiv Mandir,"6VPF+V5M, Runkata, Uttar Pradesh 282007",27.237251399999998,77.8729153,Uttar Pradesh,Agra,"Shiv Mandir in Achhnera, Kiraoli, Agra, Uttar Pradesh, India",high,0.88,Matched high-confidence Shiva terms: shiv,2026-09-28 11:06:51.406086+00:00,2026-09-28 11:06:51.406086+00:00
ChIJYWyRXwt3dDkRAnbIkmThmPk,https://maps.google.com/?cid=17985372933979665922&g_mp=Cidnb29nbGUubWFwcy5wbGFjZXMudjEuUGxhY2VzLlNlYXJjaFRleHQQAhgEIAA,Shiv Mandir (Narayan Vihar),"6W3X+W98, Narain Vihar, Suruchipuram Colony, Sikandra, Agra, Bainpur Mustkil, Uttar Pradesh 282007",27.2047875,77.9484531,Uttar Pradesh,Agra,"Shiv Mandir in Achhnera, Kiraoli, Agra, Uttar Pradesh, India",high,0.88,Matched high-confidence Shiva terms: shiv,2026-09-28 11:06:46.424701+00:00,2026-09-28 11:06:46.424701+00:00
ChIJL3W0BvKbczkRIqjeWY9q2uI,https://maps.google.com/?cid=16346494961415268386&g_mp=Cidnb29nbGUubWFwcy5wbGFjZXMudjEuUGxhY2VzLlNlYXJjaFRleHQQAhgEIAA,Shiv Mandir (harnam singh solanki) जय महाकाल,"Mangrol jat, Agra - Bharatpur Rd, Achhnera, Mangaroli Jat, Uttar Pradesh 283101",27.1944452,77.7084002,Uttar Pradesh,Agra,"Shiv Mandir in Achhnera, Kiraoli, Agra, Uttar Pradesh, India",high,0.88,Matched high-confidence Shiva terms: shiv,2026-09-28 11:06:24.998674+00:00,2026-09-28 11:06:46+00:00
ChIJTb1KErGPczkROZ8kreC9qOk,https://maps.google.com/?cid=16836915979599781689&g_mp=Cidnb29nbGUubWFwcy5wbGFjZXMudjEuUGxhY2VzLlNlYXJjaFRleHQQAhgEIAA,Shiv Mandir Arjunai,"nagla lal das, railway station, raibha, Agra, Uttar Pradesh 283101",27.184878899999998,77.8190649,Uttar Pradesh,Agra,"Shiv Mandir in Achhnera, Kiraoli, Agra, Uttar Pradesh, India",high,0.88,Matched high-confidence Shiva terms: shiv,2026-09-28 11:06:48.167403+00:00,2026-09-28 11:06:48.167403+00:00
ChIJA3of9syFczkReNKUlTQQi40,https://maps.google.com/?cid=10199263599144522360&g_mp=Cidnb29nbGUubWFwcy5wbGFjZXMudjEuUGxhY2VzLlNlYXJjaFRleHQQAhgEIAA,Shiv Mandir Mangura,"6R55+2RX, Mangura, Uttar Pradesh 283101",27.2076249,77.8096025,Uttar Pradesh,Agra,"Shiv Mandir in Achhnera, Kiraoli, Agra, Uttar Pradesh, India",high,0.88,Matched high-confidence Shiva terms: shiv,2026-09-28 11:06:50.887029+00:00,2026-09-28 11:06:50.887029+00:00
ChIJB6lBt52RczkRkTHS1HHNVq0,https://maps.google.com/?cid=12490396505344192913&g_mp=Cidnb29nbGUubWFwcy5wbGFjZXMudjEuUGxhY2VzLlNlYXJjaFRleHQQAhgEIAA,Shiv Mandir Rajan Dham,"5PV4+832, Mangaroli Jat, Uttar Pradesh 283101",27.1932585,77.7051515,Uttar Pradesh,Agra,"Shiv Mandir in Achhnera, Kiraoli, Agra, Uttar Pradesh, India",high,0.88,Matched high-confidence Shiva terms: shiv,2026-09-28 11:06:27.965348+00:00,2026-09-28 11:06:50+00:00
ChIJNXWDhiCLczkRA-tzx0mYmeE,https://maps.google.com/?cid=16256191772616813315&g_mp=Cidnb29nbGUubWFwcy5wbGFjZXMudjEuUGxhY2VzLlNlYXJjaFRleHQQAhgEIAA,Shiv Mandir V. Naga,"2VVJ+9QW, Agra, Uttar Pradesh 283102",27.043481399999997,77.8819577,Uttar Pradesh,Agra,"Shiv Mandir in Achhnera, Kiraoli, Agra, Uttar Pradesh, India",high,0.88,Matched high-confidence Shiva terms: shiv,2026-09-28 11:06:48.952640+00:00,2026-09-28 11:06:48.952640+00:00
ChIJh9YC7b4tdDkRZtm_QEL4H78,https://maps.google.com/?cid=13771999148960110950&g_mp=Cidnb29nbGUubWFwcy5wbGFjZXMudjEuUGxhY2VzLlNlYXJjaFRleHQQAhgEIAA,Shiv Parvati Temple,"VHCV+747, Bah, Uttar Pradesh 283104",26.8706557,78.5928031,Uttar Pradesh,Agra,"Shiva temple in Bah, Agra, Uttar Pradesh, India",high,0.88,Matched high-confidence Shiva terms: shiv,2026-09-28 11:07:16.410202+00:00,2026-09-28 11:07:16.410202+00:00
ChIJTX4xsKxxdDkRCvrkorXgGOg,https://maps.google.com/?cid=16724364286966954506&g_mp=Cidnb29nbGUubWFwcy5wbGFjZXMudjEuUGxhY2VzLlNlYXJjaFRleHQQAhgEIAA,Shiv Temple,"532F+36H, Agra - Bah Rd, Tajganj, Agra, Uttar Pradesh 282004",27.1501936,78.0730943,Uttar Pradesh,Agra,"Shiva temple in Bah, Agra, Uttar Pradesh, India",high,0.88,Matched high-confidence Shiva terms: shiv,2026-09-28 11:07:16.091997+00:00,2026-09-28 11:07:16.091997+00:00
ChIJy_RfdEZPczkR0YmXiBnpnSc,https://maps.google.com/?cid=2854694034697849297&g_mp=Cidnb29nbGUubWFwcy5wbGFjZXMudjEuUGxhY2VzLlNlYXJjaFRleHQQAhgEIAA,Shiv Temple,"2P42+43H, Bichpuri Rd, Baghera, Uttar Pradesh 202141",28.005323299999997,77.7002435,Uttar Pradesh,Agra,"Shiva temple in Bah, Agra, Uttar Pradesh, India",high,0.88,Matched high-confidence Shiva terms: shiv,2026-09-28 11:07:16.474159+00:00,2026-09-28 11:07:16.474159+00:00
ChIJ8xxKy56FczkR5XcrqADcceA,https://maps.google.com/?cid=16172949632243693541&g_mp=Cidnb29nbGUubWFwcy5wbGFjZXMudjEuUGxhY2VzLlNlYXJjaFRleHQQAhgEIAA,Shiv Temple,"Unnamed Road jhal, 6QWQ+FJ2, Jodhpur, Mai, Uttar Pradesh 283101",27.2461353,77.7890302,Uttar Pradesh,Agra,"Shiv Mandir in Achhnera, Kiraoli, Agra, Uttar Pradesh, India",high,0.88,Matched high-confidence Shiva terms: shiv,2026-09-28 11:06:50.949846+00:00,2026-09-28 11:06:50.949846+00:00
ChIJFUS0mg6RdTkROTPBll8woEw,https://maps.google.com/?cid=5521466330265498425&g_mp=Cidnb29nbGUubWFwcy5wbGFjZXMudjEuUGxhY2VzLlNlYXJjaFRleHQQAhgEIAA,Shiv Temple Banhar,"749Q+6WP, Mohabbatpur, Uttar Pradesh 205262",27.2680875,79.1398281,Uttar Pradesh,Agra,"Shiva temple in Bah, Agra, Uttar Pradesh, India",high,0.88,Matched high-confidence Shiva terms: shiv,2026-09-28 11:07:17.061561+00:00,2026-09-28 11:07:17.061561+00:00
ChIJAQAAwEOMczkR2fWZNuHLols,https://maps.google.com/?cid=6603064171822708185&g_mp=Cidnb29nbGUubWFwcy5wbGFjZXMudjEuUGxhY2VzLlNlYXJjaFRleHQQAhgEIAA,Shiv Temple Jaingara,"3RJ5+4HR, Jaingara, Uttar Pradesh 283110",27.0803553,77.8088918,Uttar Pradesh,Agra,"Shiv Mandir in Achhnera, Kiraoli, Agra, Uttar Pradesh, India",high,0.88,Matched high-confidence Shiva terms: shiv,2026-09-28 11:06:48.425146+00:00,2026-09-28 11:06:48.425146+00:00
ChIJITreHQCLczkR0qBSxg3fZEo,https://maps.google.com/?cid=5360654706732605650&g_mp=Cidnb29nbGUubWFwcy5wbGFjZXMudjEuUGxhY2VzLlNlYXJjaFRleHQQAhgEIAA,Shiv ji mandir,"4V35+PHQ, Nagla Sikarwar, Uttar Pradesh 283105",27.104329699999997,77.85897279999999,Uttar Pradesh,Agra,"Shiv Mandir in Achhnera, Kiraoli, Agra, Uttar Pradesh, India",high,0.88,Matched high-confidence Shiva terms: shiv,2026-09-28 11:06:50.689737+00:00,2026-09-28 11:06:50.689737+00:00
ChIJgQnGWACHczkR4Yv86vydrug,https://maps.google.com/?cid=16766512172346674145&g_mp=Cidnb29nbGUubWFwcy5wbGFjZXMudjEuUGxhY2VzLlNlYXJjaFRleHQQAhgEIAA,Shiv mandir,"7VGW+9Q4, Agra, Uttar Pradesh 282007",27.2758875,77.89695309999999,Uttar Pradesh,Agra,"Shiv Mandir in Achhnera, Kiraoli, Agra, Uttar Pradesh, India",high,0.88,Matched high-confidence Shiva terms: shiv,2026-09-28 11:06:50.301591+00:00,2026-09-28 11:06:50.301591+00:00
ChIJefNDM_mFczkRqT98HHMiJN4,https://maps.google.com/?cid=16006956853376073641&g_mp=Cidnb29nbGUubWFwcy5wbGFjZXMudjEuUGxhY2VzLlNlYXJjaFRleHQQAhgEIAA,Shiv mandir,"7RF6+MR2, Raipura Jat, Uttar Pradesh 281302",27.2741322,77.8120064,Uttar Pradesh,Agra,"Shiv Mandir in Achhnera, Kiraoli, Agra, Uttar Pradesh, India",high,0.88,Matched high-confidence Shiva terms: shiv,2026-09-28 11:06:51.019284+00:00,2026-09-28 11:06:51.019284+00:00
ChIJhVePgRwtdDkRmaJ1TUo6Urc,https://maps.google.com/?cid=13209684747832631961&g_mp=Cidnb29nbGUubWFwcy5wbGFjZXMudjEuUGxhY2VzLlNlYXJjaFRleHQQAhgEIAA,Shiv mandir mohlla Ganj Bah (Agra),"VH9W+V5F, Bah, Uttar Pradesh 283104",26.8696822,78.5954333,Uttar Pradesh,Agra,"Shiva temple in Bah, Agra, Uttar Pradesh, India",high,0.88,Matched high-confidence Shiva terms: shiv,2026-09-28 11:07:16.728774+00:00,2026-09-28 11:07:16.728774+00:00
ChIJTZolGniJczkRHeXF_nSlvEs,https://maps.google.com/?cid=5457418770375370013&g_mp=Cidnb29nbGUubWFwcy5wbGFjZXMudjEuUGxhY2VzLlNlYXJjaFRleHQQAhgEIAA,Shiv temple Nagla Bhalara,"4VQC+WM7, Agra, Uttar Pradesh 283105",27.139777499999997,77.87166979999999,Uttar Pradesh,Agra,"Shiv Mandir in Achhnera, Kiraoli, Agra, Uttar Pradesh, India",high,0.88,Matched high-confidence Shiva terms: shiv,2026-09-28 11:06:47.910527+00:00,2026-09-28 11:06:47.910527+00:00
ChIJ2fg7nSh3dDkRWwvGbUyfZdA,https://maps.google.com/?cid=15016583683144813403&g_mp=Cidnb29nbGUubWFwcy5wbGFjZXMudjEuUGxhY2VzLlNlYXJjaFRleHQQAhgEIAA,Shree Galteshwar Mahadev Mandir,"Saloni Vatika Colony, Manghatai, Agra, Uttar Pradesh 282007",27.1847778,77.9340935,Uttar Pradesh,Agra,"Mahadev temple in Achhnera, Kiraoli, Agra, Uttar Pradesh, India",high,0.88,Matched high-confidence Shiva terms: mahadev,2026-09-28 11:06:58.333790+00:00,2026-09-28 11:06:58.333790+00:00
ChIJJ284sUVxdDkRQQUHtnNRCdY,https://maps.google.com/?cid=15422947956323976513&g_mp=Cidnb29nbGUubWFwcy5wbGFjZXMudjEuUGxhY2VzLlNlYXJjaFRleHQQAhgEIAA,Shree Kailash Mahadev Rajpur Chungi,"42VM+W8X, Kaulakha - Ukharra Rd, Rajpur Chungi, Ukharra, Sainik Nagar, Agra, Uttar Pradesh 282001",27.1448538,78.03335799999999,Uttar Pradesh,Agra,"Mahadev temple in Achhnera, Kiraoli, Agra, Uttar Pradesh, India",high,0.88,Matched high-confidence Shiva terms: mahadev,2026-09-28 11:06:54.821825+00:00,2026-09-28 11:06:54.821825+00:00
ChIJ9RqdlWF2dDkRbYMruAbj9pQ,https://maps.google.com/?cid=10734016379883324269&g_mp=Cidnb29nbGUubWFwcy5wbGFjZXMudjEuUGxhY2VzLlNlYXJjaFRleHQQAhgEIAA,Shri Chintaharan Mahadev Mandir,"4XVC+4WJ, Jagner Rd, Azizpura, Agra, Uttar Pradesh 282001",27.1428402,77.97225019999999,Uttar Pradesh,Agra,"Mahadev temple in Achhnera, Kiraoli, Agra, Uttar Pradesh, India",high,0.88,Matched high-confidence Shiva terms: mahadev,2026-09-28 11:06:55.530000+00:00,2026-09-28 11:06:55.530000+00:00
ChIJFwuU7iEujjkRE3v7zU8OYEg,https://maps.google.com/?cid=5215184104416049939&g_mp=Cidnb29nbGUubWFwcy5wbGFjZXMudjEuUGxhY2VzLlNlYXJjaFRleHQQAhgEIAA,Shri Kashi Vishwanath Temple,"Lahori Tola, Varanasi, Uttar Pradesh 221001",25.3108532,83.0106783,Uttar Pradesh,Agra,"Vishwanath temple in Achhnera, Kiraoli, Agra, Uttar Pradesh, India",high,0.88,Matched high-confidence Shiva terms: vishwanath,2026-09-28 11:07:06.695954+00:00,2026-09-28 11:07:06.695954+00:00
ChIJiayrVQCJczkRBI5f1hERG1U,https://maps.google.com/?cid=6132514085903764996&g_mp=Cidnb29nbGUubWFwcy5wbGFjZXMudjEuUGxhY2VzLlNlYXJjaFRleHQQAhgEIAA,Shri Narmadeshwar Mahadev Mandir,"5W97+8VX, Bichpuri, Uttar Pradesh 283105",27.1680378,77.9146763,Uttar Pradesh,Agra,"Mahadev temple in Achhnera, Kiraoli, Agra, Uttar Pradesh, India",high,0.88,Matched high-confidence Shiva terms: mahadev,2026-09-28 11:06:57.227580+00:00,2026-09-28 11:06:57.227580+00:00
ChIJ0bo_Xot3dDkRk4kD-sR89r4,https://maps.google.com/?cid=13760322896927099283&g_mp=Cidnb29nbGUubWFwcy5wbGFjZXMudjEuUGxhY2VzLlNlYXJjaFRleHQQAhgEIAA,Shri Navardeshwar Mahadev Prachin Hanuman Mandir,"151, Sikandra-Bodla Rd, Sikandra Railway Crossing, Sector 16, Sikandra, Agra, Uttar Pradesh 282007",27.209478299999997,77.95236729999999,Uttar Pradesh,Agra,"Mahadev temple in Achhnera, Kiraoli, Agra, Uttar Pradesh, India",high,0.88,Matched high-confidence Shiva terms: mahadev,2026-09-28 11:06:57.803091+00:00,2026-09-28 11:06:57.803091+00:00
ChIJadCNXVx3dDkROubexX0sc8o,https://maps.google.com/?cid=14588052536685422138&g_mp=Cidnb29nbGUubWFwcy5wbGFjZXMudjEuUGxhY2VzLlNlYXJjaFRleHQQAhgEIAA,Shri Neelkanth mahadev mandir,"5X8J+79H, Dashrath Kunj - B, Jodha Bai ka Rauza, Arjun Nagar, Agra, Uttar Pradesh 282001",27.165678099999997,77.9809949,Uttar Pradesh,Agra,"Mahadev temple in Achhnera, Kiraoli, Agra, Uttar Pradesh, India",high,0.88,Matched high-confidence Shiva terms: mahadev,2026-09-28 11:06:55.997013+00:00,2026-09-28 11:06:55.997013+00:00
ChIJH7c0UBx3dDkRgdW5eduZY9c,https://maps.google.com/?cid=15520417908767970689&g_mp=Cidnb29nbGUubWFwcy5wbGFjZXMudjEuUGxhY2VzLlNlYXJjaFRleHQQAhgEIAA,Shri Rangeshwar Mahadev Temple,"138, Nai Abadi, Jagdish Pura, Lohamandi, Agra, Uttar Pradesh 282002",27.1953,77.973986,Uttar Pradesh,Agra,"Mahadev temple in Achhnera, Kiraoli, Agra, Uttar Pradesh, India",high,0.88,Matched high-confidence Shiva terms: mahadev,2026-09-28 11:06:57.741091+00:00,2026-09-28 11:06:57.741091+00:00
ChIJIcBdgOWPczkR_tAIOA1WARg,https://maps.google.com/?cid=1729758346661646590&g_mp=Cidnb29nbGUubWFwcy5wbGFjZXMudjEuUGxhY2VzLlNlYXJjaFRleHQQAhgEIAA,Shri Shani Dev Mandir & Shri Gauri Shankar Mahadev Temple,"5QM4+6JH, Achhnera-Farah Rd, Achhnera, Uttar Pradesh 283101",27.1830645,77.7565953,Uttar Pradesh,Agra,"Shankar Mandir in Achhnera, Kiraoli, Agra, Uttar Pradesh, India",high,0.88,Matched high-confidence Shiva terms: mahadev,2026-09-28 11:06:23.627659+00:00,2026-09-28 11:07:02+00:00
ChIJ55U5rQ2NczkRTqQUmIwa6yc,https://maps.google.com/?cid=2876421978155426894&g_mp=Cidnb29nbGUubWFwcy5wbGFjZXMudjEuUGxhY2VzLlNlYXJjaFRleHQQAhgEIAA,Shri Shiv Mandir,"3QPV+XVH, Salemabad, Uttar Pradesh 283110",27.0874292,77.7947436,Uttar Pradesh,Agra,"Shiv Mandir in Achhnera, Kiraoli, Agra, Uttar Pradesh, India",high,0.88,Matched high-confidence Shiva terms: shiv,2026-09-28 11:06:50.172168+00:00,2026-09-28 11:06:50.172168+00:00
ChIJBYs-ZBh2dDkR1odhyMqCQVQ,https://maps.google.com/?cid=6071277580128978902&g_mp=Cidnb29nbGUubWFwcy5wbGFjZXMudjEuUGxhY2VzLlNlYXJjaFRleHQQAhgEIAA,Shri Shri Kaka Shiv Mandir Balhera Agra,"4WVP+7VX, Jagner Road, Near Jagner Road, Basula Nagla, Balhera, Uttar Pradesh 283102",27.1432289,77.9372315,Uttar Pradesh,Agra,"Shiv Mandir in Achhnera, Kiraoli, Agra, Uttar Pradesh, India",high,0.88,Matched high-confidence Shiva terms: shiv,2026-09-28 11:06:46.680680+00:00,2026-09-28 11:06:46.680680+00:00
ChIJTyv_5hNxdDkRHsz8NHIGAf8,https://maps.google.com/?cid=18374975042233355294&g_mp=Cidnb29nbGUubWFwcy5wbGFjZXMudjEuUGxhY2VzLlNlYXJjaFRleHQQAhgEIAA,Shri Siddheshwar Mahadev Mandir,"35/55, Kachchi Sarai Rd, Shaheed Nagar, Tajganj, Agra, Uttar Pradesh 282001",27.1570395,78.04039519999999,Uttar Pradesh,Agra,"Rudreshwar temple in Achhnera, Kiraoli, Agra, Uttar Pradesh, India",high,0.88,Matched high-confidence Shiva terms: mahadev,2026-09-28 11:07:14.443131+00:00,2026-09-28 11:07:14.443131+00:00
ChIJ21VlV-xKhTkRDNS4aF8VCRk,https://maps.google.com/?cid=1803996625261614092&g_mp=Cidnb29nbGUubWFwcy5wbGFjZXMudjEuUGxhY2VzLlNlYXJjaFRleHQQAhgEIAA,Shri Someshwar Mahadev Mandir,"Arail Ghat, CV4R+R9V, near by Laxmi Ganeshji Asharam, Naini, Prayagraj, Uttar Pradesh 211008",25.4071219,81.8909329,Uttar Pradesh,Agra,"Someshwar temple in Achhnera, Kiraoli, Agra, Uttar Pradesh, India",high,0.88,Matched high-confidence Shiva terms: mahadev,2026-09-28 11:07:04.763058+00:00,2026-09-28 11:07:04.763058+00:00
ChIJN0AEAh12dDkRvd0xJNyoTpI,https://maps.google.com/?cid=10542549441174429117&g_mp=Cidnb29nbGUubWFwcy5wbGFjZXMudjEuUGxhY2VzLlNlYXJjaFRleHQQAhgEIAA,Shri Someshwar Mahadev Mandir,"Abhaypura, Malpura, Uttar Pradesh 283102, India",27.134641,77.930951,Uttar Pradesh,Agra,"Someshwar temple in Achhnera, Kiraoli, Agra, Uttar Pradesh, India",high,0.88,Matched high-confidence Shiva terms: mahadev,2026-09-28 11:07:05.229321+00:00,2026-09-28 11:07:05.229321+00:00
ChIJU3LUegCDczkRYMOx8RLoetE,https://maps.google.com/?cid=15094632269147652960&g_mp=Cidnb29nbGUubWFwcy5wbGFjZXMudjEuUGxhY2VzLlNlYXJjaFRleHQQAhgEIAA,Shri Yamuneshwar Mahadev Temple,"7RWG+WH, Bhadaya, Uttar Pradesh 281302",27.297289,77.8264765,Uttar Pradesh,Agra,"Mahadev temple in Achhnera, Kiraoli, Agra, Uttar Pradesh, India",high,0.88,Matched high-confidence Shiva terms: mahadev,2026-09-28 11:06:56.060557+00:00,2026-09-28 11:06:56.060557+00:00
ChIJ0bUgvUJ3dDkRYpbQiBuxuKg,https://maps.google.com/?cid=12157661925904258658&g_mp=Cidnb29nbGUubWFwcy5wbGFjZXMudjEuUGxhY2VzLlNlYXJjaFRleHQQAhgEIAA,Someshwar Nath Mahadev Mandir,"6X4W+5QH, Raja Balwant Singh Rd, lathpat Kunj, Khandari, Agra, Uttar Pradesh 282002",27.2054427,77.9969795,Uttar Pradesh,Agra,"Someshwar temple in Achhnera, Kiraoli, Agra, Uttar Pradesh, India",high,0.88,Matched high-confidence Shiva terms: mahadev,2026-09-28 11:07:04.262064+00:00,2026-09-28 11:07:04.262064+00:00
ChIJZflAPABxczkR0LoYWVpKWcc,https://maps.google.com/?cid=14364594238377212624&g_mp=Cidnb29nbGUubWFwcy5wbGFjZXMudjEuUGxhY2VzLlNlYXJjaFRleHQQAhgEIAA,Someshwara Mahadev Mandir,"GM35+X8H, Gopalpur Gaon, Shashtri Nagar, Mathura, Uttar Pradesh 281001",27.5049289,77.6583583,Uttar Pradesh,Agra,"Someshwar temple in Achhnera, Kiraoli, Agra, Uttar Pradesh, India",high,0.88,Matched high-confidence Shiva terms: mahadev,2026-09-28 11:07:05.612556+00:00,2026-09-28 11:07:05.612556+00:00
ChIJMQPQeCl7dDkRxXrmlLTLfRw,https://maps.google.com/?cid=2053020981603498693&g_mp=Cidnb29nbGUubWFwcy5wbGFjZXMudjEuUGxhY2VzLlNlYXJjaFRleHQQAhgEIAA,Tedeshwar Mahadev Mandir,"725Q+R74, Poiya, Uttar Pradesh 283126",27.259518999999997,78.0382138,Uttar Pradesh,Agra,"Rudreshwar temple in Achhnera, Kiraoli, Agra, Uttar Pradesh, India",high,0.88,Matched high-confidence Shiva terms: mahadev,2026-09-28 11:07:14.573796+00:00,2026-09-28 11:07:14.573796+00:00
ChIJJ9eaSz2JczkRNzMDMsMjjZ4,https://maps.google.com/?cid=11424827150973481783&g_mp=Cidnb29nbGUubWFwcy5wbGFjZXMudjEuUGxhY2VzLlNlYXJjaFRleHQQAhgEIAA,VANKHANDI MAHADEV TEMPLE,"4VX5+G9Q, Agra, Uttar Pradesh 283105",27.1488281,77.85848399999999,Uttar Pradesh,Agra,"Mahadev temple in Achhnera, Kiraoli, Agra, Uttar Pradesh, India",high,0.88,Matched high-confidence Shiva terms: mahadev,2026-09-28 11:06:54.887097+00:00,2026-09-28 11:06:54.887097+00:00
ChIJhaG5sjqPczkR_p1OtwplcIk,https://maps.google.com/?cid=9903526677287181822&g_mp=Cidnb29nbGUubWFwcy5wbGFjZXMudjEuUGxhY2VzLlNlYXJjaFRleHQQAhgEIAA,Vankhandi Mahadev Mandir,"5QH4+4WG, Achhnera, Uttar Pradesh 283101",27.177804599999998,77.75733629999999,Uttar Pradesh,Agra,"Mahadev Mandir in Achhnera, Kiraoli, Agra, Uttar Pradesh, India",high,0.88,Matched high-confidence Shiva terms: mahadev,2026-09-28 11:06:25.057364+00:00,2026-09-28 11:06:59+00:00
ChIJK2UXJ1F_dDkRkAxG98NLePI,https://maps.google.com/?cid=17471798059423108240&g_mp=Cidnb29nbGUubWFwcy5wbGFjZXMudjEuUGxhY2VzLlNlYXJjaFRleHQQAhgEIAA,"Vankhandi Mahadev Temple, Midhawali","8W7M+VW7, Midhawali, Uttar Pradesh 281302",27.3146578,77.93479889999999,Uttar Pradesh,Agra,"Mahadev temple in Achhnera, Kiraoli, Agra, Uttar Pradesh, India",high,0.88,Matched high-confidence Shiva terms: mahadev,2026-09-28 11:06:55.078131+00:00,2026-09-28 11:06:55.078131+00:00
ChIJ61VGVQB5dDkR5GYpGx-5d2I,https://maps.google.com/?cid=7095343281196328676&g_mp=Cidnb29nbGUubWFwcy5wbGFjZXMudjEuUGxhY2VzLlNlYXJjaFRleHQQAhgEIAA,Vighna Haran Mahadev,"6W9V+VJ7, Krishna Colony, Mahadev Pur, Sikandra, Agra, Uttar Pradesh 282007",27.2196696,77.9440482,Uttar Pradesh,Agra,"Mahadev temple in Achhnera, Kiraoli, Agra, Uttar Pradesh, India",high,0.88,Matched high-confidence Shiva terms: mahadev,2026-09-28 11:06:58.267458+00:00,2026-09-28 11:06:58.267458+00:00
ChIJlW-XP-iPczkRO9AWisD9nl0,https://maps.google.com/?cid=6746108295239880763&g_mp=Cidnb29nbGUubWFwcy5wbGFjZXMudjEuUGxhY2VzLlNlYXJjaFRleHQQAhgEIAA,bankhandi shiv temple,"5QG5+F7W, Achhnera, Uttar Pradesh 283101",27.176236499999998,77.7582137,Uttar Pradesh,Agra,"Shiv Mandir in Achhnera, Kiraoli, Agra, Uttar Pradesh, India",high,0.88,Matched high-confidence Shiva terms: shiv,2026-09-28 11:06:22.744150+00:00,2026-09-28 11:06:45+00:00
ChIJTewiH9djdDkRHkhPiTb02YI,https://maps.google.com/?cid=9428835809945929758&g_mp=Cidnb29nbGUubWFwcy5wbGFjZXMudjEuUGxhY2VzLlNlYXJjaFRleHQQAhgEIAA,shiv mandir,"Village: gohila, post: barhan, distt: agra, uttar pradesh, pin code, 958X+F48, Uttar Pradesh 283201",27.3661501,78.1978211,Uttar Pradesh,Agra,"Shiva temple in Bah, Agra, Uttar Pradesh, India",high,0.88,Matched high-confidence Shiva terms: shiv,2026-09-28 11:07:16.600875+00:00,2026-09-28 11:07:16.600875+00:00
ChIJzWL8fsZjdDkRhz_KOotOL4I,https://maps.google.com/?cid=9380802908729786247&g_mp=Cidnb29nbGUubWFwcy5wbGFjZXMudjEuUGxhY2VzLlNlYXJjaFRleHQQAhgEIAA,shiv temple,"955M+VVF, Barhan, Uttar Pradesh 283201",27.3596875,78.1846875,Uttar Pradesh,Agra,"Shiva temple in Bah, Agra, Uttar Pradesh, India",high,0.88,Matched high-confidence Shiva terms: shiv,2026-09-28 11:07:16.664808+00:00,2026-09-28 11:07:16.664808+00:00
ChIJTWtAUemFczkR1mbTMil8uN8,https://maps.google.com/?cid=16120771382560909014&g_mp=Cidnb29nbGUubWFwcy5wbGFjZXMudjEuUGxhY2VzLlNlYXJjaFRleHQQAhgEIAA,shiv temple,"6RC9+GXG, Raipura Ahir, Uttar Pradesh 283101",27.221307799999998,77.8199613,Uttar Pradesh,Agra,"Shiv Mandir in Achhnera, Kiraoli, Agra, Uttar Pradesh, India",high,0.88,Matched high-confidence Shiva terms: shiv,2026-09-28 11:06:47.846601+00:00,2026-09-28 11:06:47.846601+00:00
ChIJtz1nVv-DdDkRH4vnLkVNfJk,https://maps.google.com/?cid=11059799744450104095&g_mp=Cidnb29nbGUubWFwcy5wbGFjZXMudjEuUGxhY2VzLlNlYXJjaFRleHQQAhgEIAA,"someshwar mahadev mandir, arjunpur","G239+HQ6, Nagla Dana, Uttar Pradesh 204101",27.5039062,78.0193877,Uttar Pradesh,Agra,"Someshwar temple in Achhnera, Kiraoli, Agra, Uttar Pradesh, India",high,0.88,Matched high-confidence Shiva terms: mahadev,2026-09-28 11:07:04.827582+00:00,2026-09-28 11:07:04.827582+00:00
ChIJ-wk6JCSfdDkRrFjaKuulcpc,https://maps.google.com/?cid=10912967276526983340&g_mp=Cidnb29nbGUubWFwcy5wbGFjZXMudjEuUGxhY2VzLlNlYXJjaFRleHQQAhgEIAA,vishwanath Temple Agorana,"iglas, P2M3+RPX, Agorna, Agorana, Uttar Pradesh 202124",27.7346023,78.00434419999999,Uttar Pradesh,Agra,"Vishwanath temple in Achhnera, Kiraoli, Agra, Uttar Pradesh, India",high,0.88,Matched high-confidence Shiva terms: vishwanath,2026-09-28 11:07:06.762656+00:00,2026-09-28 11:07:06.762656+00:00
ChIJ_yTKLwB3dDkRw92rQ6HFUNE,https://maps.google.com/?cid=15082772448479534531&g_mp=Cidnb29nbGUubWFwcy5wbGFjZXMudjEuUGxhY2VzLlNlYXJjaFRleHQQAhgEIAA,कालकेश्वर महादेव मंदिर KALKESHWAR MAHADEV MANDIR,"Kalika, BRIJ VIHAR COLONY, 85 -B, BRIJ VIHAR COLONY, Amarpura, Sucheta, Agra, Uttar Pradesh 282010",27.1822688,77.94797539999999,Uttar Pradesh,Agra,"Mahadev temple in Achhnera, Kiraoli, Agra, Uttar Pradesh, India",high,0.88,Matched high-confidence Shiva terms: mahadev,2026-09-28 11:06:57.550239+00:00,2026-09-28 11:06:57.550239+00:00
ChIJlTDG2zx3dDkRyyQwvvur2fM,https://maps.google.com/?cid=17571264518878667979&g_mp=Cidnb29nbGUubWFwcy5wbGFjZXMudjEuUGxhY2VzLlNlYXJjaFRleHQQAhgEIAA,Shri Someshwar Nath Temple,"Raja Mandi, Gokul Pura, Agra, Uttar Pradesh 282002, India",27.1853394,77.99999129999999,Uttar Pradesh,Agra,"Someshwar temple in Achhnera, Kiraoli, Agra, Uttar Pradesh, India",medium,0.64,"Matched medium-confidence Shiva terms: eshwar, nath, someshwar",2026-09-28 11:07:05.313235+00:00,2026-09-28 11:07:05.313235+00:00
ChIJVdJ9SQAxdDkR0TpXnAa3kD4,https://maps.google.com/?cid=4508304466018515665&g_mp=Cidnb29nbGUubWFwcy5wbGFjZXMudjEuUGxhY2VzLlNlYXJjaFRleHQQAhgEIAA,Bateshwar nath,"WGPR+9M6, Bateshwar, Uttar Pradesh 283113",26.9359036,78.5416501,Uttar Pradesh,Agra,"Shiva temple in Bah, Agra, Uttar Pradesh, India",medium,0.61,"Matched medium-confidence Shiva terms: eshwar, nath",2026-09-28 11:07:16.539484+00:00,2026-09-28 11:07:16.539484+00:00
ChIJfX5CpcAtdDkRILLFfKjIhd4,https://maps.google.com/?cid=16034442674295910944&g_mp=Cidnb29nbGUubWFwcy5wbGFjZXMudjEuUGxhY2VzLlNlYXJjaFRleHQQAhgEIAA,Bholenath Temple,"VH9Q+6MC, near OLD ICE FACTORY, TEACHERS COLONY, Bah, Uttar Pradesh 283104",26.86806,78.58914810000002,Uttar Pradesh,Agra,"Shiva temple in Bah, Agra, Uttar Pradesh, India",medium,0.61,"Matched medium-confidence Shiva terms: bholenath, nath",2026-09-28 11:07:17.126884+00:00,2026-09-28 11:07:17.126884+00:00
ChIJh24gaHP_rTsRM9mwF9DPZNU,https://maps.google.com/?cid=15376643520407329075&g_mp=Cidnb29nbGUubWFwcy5wbGFjZXMudjEuUGxhY2VzLlNlYXJjaFRleHQQAhgEIAA,Shri Someshwara Swamy Temple (Kolar),"44PQ+X7X, Fort Area, Kolar, Karnataka 563101",13.1374815,78.13823,Uttar Pradesh,Agra,"Someshwar temple in Achhnera, Kiraoli, Agra, Uttar Pradesh, India",medium,0.61,"Matched medium-confidence Shiva terms: eshwar, someshwar",2026-09-28 11:07:04.958301+00:00,2026-09-28 11:07:04.958301+00:00
ChIJ7TQav9lyrjsRfqA-v9ydiRM,https://maps.google.com/?cid=1407829929956909182&g_mp=Cidnb29nbGUubWFwcy5wbGFjZXMudjEuUGxhY2VzLlNlYXJjaFRleHQQAhgEIAA,Sri Someshwara Swami Sannidi,"VQFP+6QM, Ittangur, Sarjapura, Karnataka 562125",12.873092300000001,77.786911,Uttar Pradesh,Agra,"Someshwar temple in Achhnera, Kiraoli, Agra, Uttar Pradesh, India",medium,0.61,"Matched medium-confidence Shiva terms: eshwar, someshwar",2026-09-28 11:07:05.154076+00:00,2026-09-28 11:07:05.154076+00:00
ChIJfR306JsWrjsREJCyldyPh4c,https://maps.google.com/?cid=9765932494543294480&g_mp=Cidnb29nbGUubWFwcy5wbGFjZXMudjEuUGxhY2VzLlNlYXJjaFRleHQQAhgEIAA,Sri Someshwara Swamy Temple,"Sri, Someshwara Temple Rd, Halasuru, Someshwarpura, Bengaluru, Karnataka 560008",12.9755527,77.6239473,Uttar Pradesh,Agra,"Someshwar temple in Achhnera, Kiraoli, Agra, Uttar Pradesh, India",medium,0.61,"Matched medium-confidence Shiva terms: eshwar, someshwar",2026-09-28 11:07:04.894301+00:00,2026-09-28 11:07:04.894301+00:00
ChIJcfOp8KExdDkRnpSRLeoqAY0,https://maps.google.com/?cid=10160449419599778974&g_mp=Cidnb29nbGUubWFwcy5wbGFjZXMudjEuUGxhY2VzLlNlYXJjaFRleHQQAhgEIAA,Bateshwar Dham,"Dham, Bateshwar, Uttar Pradesh 283113",26.9343325,78.5434923,Uttar Pradesh,Agra,"Shiva temple in Bah, Agra, Uttar Pradesh, India",medium,0.58,Matched medium-confidence Shiva terms: eshwar,2026-09-28 11:07:15.964369+00:00,2026-09-28 11:07:15.964369+00:00
ChIJ7xHS9qExdDkRsmw-dmaYL2Y,https://maps.google.com/?cid=7363271481611938994&g_mp=Cidnb29nbGUubWFwcy5wbGFjZXMudjEuUGxhY2VzLlNlYXJjaFRleHQQAhgEIAA,Bateshwar Maharaj Temple,"Bateshwar, Uttar Pradesh 283113",26.9350575,78.5420436,Uttar Pradesh,Agra,"Shiva temple in Bah, Agra, Uttar Pradesh, India",medium,0.58,Matched medium-confidence Shiva terms: eshwar,2026-09-28 11:07:11.537915+00:00,2026-09-28 11:07:16+00:00
ChIJOXdAfgAtdDkREPVTFkCD6Bw,https://maps.google.com/?cid=2083059138934600976&g_mp=Cidnb29nbGUubWFwcy5wbGFjZXMudjEuUGxhY2VzLlNlYXJjaFRleHQQAhgEIAA,Bateswar nath mandir,"RJ6Q+49X Bah, Keelpura, Uttar Pradesh 283104",26.8105183,78.638404,Uttar Pradesh,Agra,"Shiva temple in Bah, Agra, Uttar Pradesh, India",medium,0.58,Matched medium-confidence Shiva terms: nath,2026-09-28 11:07:16.920770+00:00,2026-09-28 11:07:16.920770+00:00
ChIJ3yHEOgCPczkRZrqDelMVfaI,https://maps.google.com/?cid=11708538054515079782&g_mp=Cidnb29nbGUubWFwcy5wbGFjZXMudjEuUGxhY2VzLlNlYXJjaFRleHQQAhgEIAA,Ghoomeshwar dham om colony,"4QPF+3P7, Purani Galla Mandi, Kiraoli, Uttar Pradesh 283122",27.1351503,77.77430489999999,Uttar Pradesh,Agra,"Shiva temple in Achhnera, Kiraoli, Agra, Uttar Pradesh, India",medium,0.58,Matched medium-confidence Shiva terms: eshwar,2026-09-28 11:06:28.251902+00:00,2026-09-28 11:06:28.251902+00:00
ChIJO6SiciJxdDkR7D7yxKxQBy0,https://maps.google.com/?cid=3244650759512538860&g_mp=Cidnb29nbGUubWFwcy5wbGFjZXMudjEuUGxhY2VzLlNlYXJjaFRleHQQAhgEIAA,S n bhole nath mandir,"5353+5F4, Agra - Bah Rd, Tajganj, अभयपुरा, Agra, Uttar Pradesh 282006",27.1578895,78.0537002,Uttar Pradesh,Agra,"Shiva temple in Bah, Agra, Uttar Pradesh, India",medium,0.58,Matched medium-confidence Shiva terms: nath,2026-09-28 11:07:17.964039+00:00,2026-09-28 11:07:17.964039+00:00
ChIJY8XtwJ13dDkRpMITcRb3o5E,https://maps.google.com/?cid=10494503232461849252&g_mp=Cidnb29nbGUubWFwcy5wbGFjZXMudjEuUGxhY2VzLlNlYXJjaFRleHQQAhgEIAA,Shankar Garh Ki Bagichi,"5XHF+J8H, Kedar Nagar, Shahganj, Agra, Uttar Pradesh 282010",27.1790566,77.9733564,Uttar Pradesh,Agra,"Lingeshwar temple in Achhnera, Kiraoli, Agra, Uttar Pradesh, India",medium,0.58,Matched medium-confidence Shiva terms: shankar,2026-09-28 11:07:12.114281+00:00,2026-09-28 11:07:12.114281+00:00
ChIJo6d_bIIKdDkRUv_TyHDp1UE,https://maps.google.com/?cid=4743954453119631186&g_mp=Cidnb29nbGUubWFwcy5wbGFjZXMudjEuUGxhY2VzLlNlYXJjaFRleHQQAhgEIAA,Shri Ishwar Maharaj Temple,"Nagla purohit, Birai, Saiyan, Uttar Pradesh 283124",26.988787000000002,77.9293051,Uttar Pradesh,Agra,"Vishwanath temple in Achhnera, Kiraoli, Agra, Uttar Pradesh, India",medium,0.58,Matched medium-confidence Shiva terms: ishwar,2026-09-28 11:07:08.602612+00:00,2026-09-28 11:07:08.602612+00:00
ChIJa4NfGi13dDkRcnaUHNvUj04,https://maps.google.com/?cid=5660977294170420850&g_mp=Cidnb29nbGUubWFwcy5wbGFjZXMudjEuUGxhY2VzLlNlYXJjaFRleHQQAhgEIAA,"Shri Mankameshwar Temple, Agra","Daresi Rd, Rawatpara, Sheb Bazar, Mantola, Agra, Uttar Pradesh 282003",27.183663799999998,78.0175343,Uttar Pradesh,Agra,"Shiva temple in Bah, Agra, Uttar Pradesh, India",medium,0.58,Matched medium-confidence Shiva terms: eshwar,2026-09-28 11:06:22.689396+00:00,2026-09-28 11:07:16+00:00
ChIJKdRTOIePczkRDJl9cb9GXVA,https://maps.google.com/?cid=5790862483925080332&g_mp=Cidnb29nbGUubWFwcy5wbGFjZXMudjEuUGxhY2VzLlNlYXJjaFRleHQQAhgEIAA,Temple of Shankar vihar colony,"4QQH+XGR, Achnera Rd, Shankar Vihar Colony, Kiraoli, Uttar Pradesh 283122",27.139982399999997,77.77875689999999,Uttar Pradesh,Agra,"Shankar Mandir in Achhnera, Kiraoli, Agra, Uttar Pradesh, India",medium,0.58,Matched medium-confidence Shiva terms: shankar,2026-09-28 11:07:02.922776+00:00,2026-09-28 11:07:02.922776+00:00
ChIJd-O8Ey3LczkRn-OBUc7CHPs,https://maps.google.com/?cid=18094551594254328735&g_mp=Cidnb29nbGUubWFwcy5wbGFjZXMudjEuUGxhY2VzLlNlYXJjaFRleHQQAhgEIAA,"""सोमेश्वर महादेव मन्दिर""","W78P+M7G, हनुमान मार्ग, शिव कॉलोनी, बयाना, राजस्थान 321401",26.9166934,77.2856922,Uttar Pradesh,Agra,"Someshwar temple in Achhnera, Kiraoli, Agra, Uttar Pradesh, India",low,0.20,No configured Shiva-specific terms matched the discovered name.,2026-09-28 11:07:05.545594+00:00,2026-09-28 11:07:05.545594+00:00
ChIJrYqEqoOPczkRwsuG5HooM0U,https://maps.google.com/?cid=4986373720714431426&g_mp=Cidnb29nbGUubWFwcy5wbGFjZXMudjEuUGxhY2VzLlNlYXJjaFRleHQQAhgEIAA,Bhole Baba Temple,"5P8X+QGW, Ardaya, Achhnera, Uttar Pradesh 283101",27.1669953,77.7488202,Uttar Pradesh,Agra,"Shiva temple in Achhnera, Kiraoli, Agra, Uttar Pradesh, India",low,0.20,No configured Shiva-specific terms matched the discovered name.,2026-09-28 11:06:25.512360+00:00,2026-09-28 11:06:25.512360+00:00
ChIJgx3xdU6FczkRh6bV36LAssI,https://maps.google.com/?cid=14029487594985072263&g_mp=Cidnb29nbGUubWFwcy5wbGFjZXMudjEuUGxhY2VzLlNlYXJjaFRleHQQAhgEIAA,Burja Wale Hanuman Ji Temple,"6Q62+79G, Uttar Pradesh 283101",27.2106842,77.75095329999999,Uttar Pradesh,Agra,"Shiva temple in Achhnera, Kiraoli, Agra, Uttar Pradesh, India",low,0.20,No configured Shiva-specific terms matched the discovered name.,2026-09-28 11:06:25.872613+00:00,2026-09-28 11:06:25.872613+00:00
ChIJlR4-MhhxdDkRcEBLlHRtIx8,https://maps.google.com/?cid=2243757386832232560&g_mp=Cidnb29nbGUubWFwcy5wbGFjZXMudjEuUGxhY2VzLlNlYXJjaFRleHQQAhgEIAA,Dalihai Mandir Hindu Temple,"527V+M5V, Dalihai, Paktola, Tajganj, Agra, Uttar Pradesh 282001",27.1642275,78.0429145,Uttar Pradesh,Agra,"Lingeshwar temple in Achhnera, Kiraoli, Agra, Uttar Pradesh, India",low,0.20,No configured Shiva-specific terms matched the discovered name.,2026-09-28 11:07:11.731438+00:00,2026-09-28 11:07:11.731438+00:00
ChIJRwqlXxFxdDkRiqn7VzI-2uw,https://maps.google.com/?cid=17067022123819313546&g_mp=Cidnb29nbGUubWFwcy5wbGFjZXMudjEuUGxhY2VzLlNlYXJjaFRleHQQAhgEIAA,Dauji Temple,"6/132, Belanganj, Civil Lines, Agra, Uttar Pradesh 282003",27.1920091,78.0237199,Uttar Pradesh,Agra,"Lingeshwar temple in Achhnera, Kiraoli, Agra, Uttar Pradesh, India",low,0.20,No configured Shiva-specific terms matched the discovered name.,2026-09-28 11:07:11.983357+00:00,2026-09-28 11:07:11.983357+00:00
ChIJSVdLhN6PczkRM6YEVIc6Y3U,https://maps.google.com/?cid=8458668878036510259&g_mp=Cidnb29nbGUubWFwcy5wbGFjZXMudjEuUGxhY2VzLlNlYXJjaFRleHQQAhgEIAA,Devi Mandir Ardaya,"5QC2+85C, Main Rd, near Omvati Pradhan Office, Ardaya, Achhnera, Uttar Pradesh 283101",27.1708055,77.7503765,Uttar Pradesh,Agra,"Shiva temple in Achhnera, Kiraoli, Agra, Uttar Pradesh, India",low,0.20,No configured Shiva-specific terms matched the discovered name.,2026-09-28 11:06:25.814510+00:00,2026-09-28 11:06:25.814510+00:00
ChIJg7tuntuPczkRCWk_r_hodec,https://maps.google.com/?cid=16678352212337846537&g_mp=Cidnb29nbGUubWFwcy5wbGFjZXMudjEuUGxhY2VzLlNlYXJjaFRleHQQAhgEIAA,Dhangar Mandir Ardaya,"5Q83+XFW, Ardaya, Achhnera, Uttar Pradesh 283101",27.167496699999997,77.7537179,Uttar Pradesh,Agra,"Shiva temple in Achhnera, Kiraoli, Agra, Uttar Pradesh, India",low,0.20,No configured Shiva-specific terms matched the discovered name.,2026-09-28 11:06:23.687618+00:00,2026-09-28 11:06:23.687618+00:00
ChIJD1a_KwCRczkRqMBiFeueRfk,https://maps.google.com/?cid=17961937421350387880&g_mp=Cidnb29nbGUubWFwcy5wbGFjZXMudjEuUGxhY2VzLlNlYXJjaFRleHQQAhgEIAA,Dharmshala mandir,"5P89+RFJ Vinay Thakur, Biara, Uttar Pradesh 283101",27.1670968,77.7186366,Uttar Pradesh,Agra,"Shiva temple in Achhnera, Kiraoli, Agra, Uttar Pradesh, India",low,0.20,No configured Shiva-specific terms matched the discovered name.,2026-09-28 11:06:26.337277+00:00,2026-09-28 11:06:26.337277+00:00
ChIJpQToYbSPczkRypKVyBjY7rg,https://maps.google.com/?cid=13325825948391936714&g_mp=Cidnb29nbGUubWFwcy5wbGFjZXMudjEuUGxhY2VzLlNlYXJjaFRleHQQAhgEIAA,Dwarkadish mandir,"5QG5+MGQ, Achhnera, Uttar Pradesh 283101",27.176714699999998,77.758849,Uttar Pradesh,Agra,"Shiva temple in Achhnera, Kiraoli, Agra, Uttar Pradesh, India",low,0.20,No configured Shiva-specific terms matched the discovered name.,2026-09-28 11:06:28.573343+00:00,2026-09-28 11:06:28.573343+00:00
ChIJ-TkeZQCPczkR02o0jw9V6Vk,https://maps.google.com/?cid=6478803064264616659&g_mp=Cidnb29nbGUubWFwcy5wbGFjZXMudjEuUGxhY2VzLlNlYXJjaFRleHQQAhgEIAA,Eyeveh,"5QG3+XG2, Achhnera, Uttar Pradesh 283101",27.1773864,77.7537502,Uttar Pradesh,Agra,"Shiva temple in Achhnera, Kiraoli, Agra, Uttar Pradesh, India",low,0.20,No configured Shiva-specific terms matched the discovered name.,2026-09-28 11:06:28.078444+00:00,2026-09-28 11:06:28.078444+00:00
ChIJFRtMjGt4dDkRERk73jJHDms,https://maps.google.com/?cid=7714181495534590225&g_mp=Cidnb29nbGUubWFwcy5wbGFjZXMudjEuUGxhY2VzLlNlYXJjaFRleHQQAhgEIAA,Goral Bhairav Temple,"6WRW+M8G, Swami Mustkil, Uttar Pradesh 282007",27.2416937,77.9458128,Uttar Pradesh,Agra,"Vishwanath temple in Achhnera, Kiraoli, Agra, Uttar Pradesh, India",low,0.20,No configured Shiva-specific terms matched the discovered name.,2026-09-28 11:07:07.966452+00:00,2026-09-28 11:07:07.966452+00:00
ChIJdQZadwCPczkR49SrAYGRZfw,https://maps.google.com/?cid=18187102653470463203&g_mp=Cidnb29nbGUubWFwcy5wbGFjZXMudjEuUGxhY2VzLlNlYXJjaFRleHQQAhgEIAA,HANUMAN JI KA MANDIR,"5QC3+R6P, Ardaya, Achhnera, Uttar Pradesh 283101",27.172292499999998,77.7537612,Uttar Pradesh,Agra,"Shiva temple in Achhnera, Kiraoli, Agra, Uttar Pradesh, India",low,0.20,No configured Shiva-specific terms matched the discovered name.,2026-09-28 11:06:24.937797+00:00,2026-09-28 11:06:24.937797+00:00
ChIJt-QzcgCRczkRQm30N86Ll1Q,https://maps.google.com/?cid=6095494338487545154&g_mp=Cidnb29nbGUubWFwcy5wbGFjZXMudjEuUGxhY2VzLlNlYXJjaFRleHQQAhgEIAA,"Hanuman Ji Mandir, (dharmshala mandir)","5P89+RFJ, Biara, Uttar Pradesh 283101",27.167095699999997,77.7186408,Uttar Pradesh,Agra,"Shiva temple in Achhnera, Kiraoli, Agra, Uttar Pradesh, India",low,0.20,No configured Shiva-specific terms matched the discovered name.,2026-09-28 11:06:28.193931+00:00,2026-09-28 11:06:28.193931+00:00
ChIJYyzMHVyPczkR8L7WWpXDqI4,https://maps.google.com/?cid=10279681195714723568&g_mp=Cidnb29nbGUubWFwcy5wbGFjZXMudjEuUGxhY2VzLlNlYXJjaFRleHQQAhgEIAA,Hanuman Mandir,"5QG7+MJR, Achnera - Janutha Rd, Achhnera, Uttar Pradesh 283101",27.176727399999997,77.7640102,Uttar Pradesh,Agra,"Shiva temple in Achhnera, Kiraoli, Agra, Uttar Pradesh, India",low,0.20,No configured Shiva-specific terms matched the discovered name.,2026-09-28 11:06:23.871058+00:00,2026-09-28 11:06:23.871058+00:00
ChIJS2p9vAGQczkRrnsf_tE3YR8,https://maps.google.com/?cid=2261149862967868334&g_mp=Cidnb29nbGUubWFwcy5wbGFjZXMudjEuUGxhY2VzLlNlYXJjaFRleHQQAhgEIAA,Hanuman Temple,"5PVV+37H, station road, Achhnera, Nagla Arua, Uttar Pradesh 283101",27.192677399999997,77.7432456,Uttar Pradesh,Agra,"Shiva temple in Achhnera, Kiraoli, Agra, Uttar Pradesh, India",low,0.20,No configured Shiva-specific terms matched the discovered name.,2026-09-28 11:06:26.101864+00:00,2026-09-28 11:06:26.101864+00:00
ChIJp8D-r6WaczkRRXxnPGYgTxs,https://maps.google.com/?cid=1967827185656364101&g_mp=Cidnb29nbGUubWFwcy5wbGFjZXMudjEuUGxhY2VzLlNlYXJjaFRleHQQAhgEIAA,Hanuman Temple,"6P3J+FJ5, Chaipokhar, Achhnera, Uttar Pradesh 283101",27.2036412,77.73159989999999,Uttar Pradesh,Agra,"Shiva temple in Achhnera, Kiraoli, Agra, Uttar Pradesh, India",low,0.20,No configured Shiva-specific terms matched the discovered name.,2026-09-28 11:06:27.731619+00:00,2026-09-28 11:06:27.731619+00:00
ChIJMc7QHQCPczkR4yRW-gIWPac,https://maps.google.com/?cid=12050812379959010531&g_mp=Cidnb29nbGUubWFwcy5wbGFjZXMudjEuUGxhY2VzLlNlYXJjaFRleHQQAhgEIAA,Jaat home,"5P9W+CWX, Ardaya, Achhnera, Uttar Pradesh 283101",27.1686171,77.7473708,Uttar Pradesh,Agra,"Shiva temple in Achhnera, Kiraoli, Agra, Uttar Pradesh, India",low,0.20,No configured Shiva-specific terms matched the discovered name.,2026-09-28 11:06:26.280497+00:00,2026-09-28 11:06:26.280497+00:00
ChIJZURGJaZ3dDkR-U2eeNUGAWk,https://maps.google.com/?cid=7566336362880585209&g_mp=Cidnb29nbGUubWFwcy5wbGFjZXMudjEuUGxhY2VzLlNlYXJjaFRleHQQAhgEIAA,Jhulelal Mandir,"Mannu Vihar, 2nd Phase, Maruti Estate Road, Off, Bodla Rd, Manas Nagar, Badla Ki Sarai, Shahganj, Agra, Uttar Pradesh 282010",27.1824747,77.9702387,Uttar Pradesh,Agra,"Lingeshwar temple in Achhnera, Kiraoli, Agra, Uttar Pradesh, India",low,0.20,No configured Shiva-specific terms matched the discovered name.,2026-09-28 11:07:11.795504+00:00,2026-09-28 11:07:11.795504+00:00
ChIJsSphVzaPczkRFAjsGN3m0Y8,https://maps.google.com/?cid=10363318054836504596&g_mp=Cidnb29nbGUubWFwcy5wbGFjZXMudjEuUGxhY2VzLlNlYXJjaFRleHQQAhgEIAA,KAILA MATA MANDIR ARDAYA,"Unnamed Road, 5PFX+7P2, Achhnera, Uttar Pradesh 283101",27.1731387,77.74927799999999,Uttar Pradesh,Agra,"Shiva temple in Achhnera, Kiraoli, Agra, Uttar Pradesh, India",low,0.20,No configured Shiva-specific terms matched the discovered name.,2026-09-28 11:06:25.632238+00:00,2026-09-28 11:06:25.632238+00:00
ChIJ9Tvlckl5dDkRjA7d2dB37l8,https://maps.google.com/?cid=6912594216952336012&g_mp=Cidnb29nbGUubWFwcy5wbGFjZXMudjEuUGxhY2VzLlNlYXJjaFRleHQQAhgEIAA,Kailash Mandir,"kailash Mandir, Swami, Agra, Bainpur Mustkil, Uttar Pradesh 282007",27.238119400000002,77.9357642,Uttar Pradesh,Agra,"Lingeshwar temple in Achhnera, Kiraoli, Agra, Uttar Pradesh, India",low,0.20,No configured Shiva-specific terms matched the discovered name.,2026-09-28 11:06:23.460503+00:00,2026-09-28 11:07:11+00:00
ChIJJVVS-wh3dDkRZ6JNio7GdUs,https://maps.google.com/?cid=5437470440627741287&g_mp=Cidnb29nbGUubWFwcy5wbGFjZXMudjEuUGxhY2VzLlNlYXJjaFRleHQQAhgEIAA,Kaveri Kunj Temple,"Main Market, Kaveri Kunj Main Rd, near Kamla Nagar, Basanth Vihar, Kaveri Kunj, Kamla Nagar, Agra, Uttar Pradesh 282005",27.2186985,78.0192278,Uttar Pradesh,Agra,"Vishwanath temple in Achhnera, Kiraoli, Agra, Uttar Pradesh, India",low,0.20,No configured Shiva-specific terms matched the discovered name.,2026-09-28 11:07:08.172360+00:00,2026-09-28 11:07:08.172360+00:00
ChIJa_jkfbFwdDkR6iwNVhiL_aA,https://maps.google.com/?cid=11600581151815445738&g_mp=Cidnb29nbGUubWFwcy5wbGFjZXMudjEuUGxhY2VzLlNlYXJjaFRleHQQAhgEIAA,Langde Ki Chowki Prachin Hanuman Mandir Agra,"HIG Flat, 19, Bypass Rd, Langre Ki Chowki Chouraha, Langre Ki Chowki, Civil Lines, Agra, Uttar Pradesh 282003",27.2058692,78.0251997,Uttar Pradesh,Agra,"Shiva temple in Achhnera, Kiraoli, Agra, Uttar Pradesh, India",low,0.20,No configured Shiva-specific terms matched the discovered name.,2026-09-28 11:06:28.630409+00:00,2026-09-28 11:06:28.630409+00:00
ChIJJyggr-iPczkRZAZUZrXqPrE,https://maps.google.com/?cid=12771903658096068196&g_mp=Cidnb29nbGUubWFwcy5wbGFjZXMudjEuUGxhY2VzLlNlYXJjaFRleHQQAhgEIAA,Laxman Temple,"5QH4+XRG, Achhnera, Uttar Pradesh 283101",27.179944499999998,77.7570768,Uttar Pradesh,Agra,"Shiva temple in Achhnera, Kiraoli, Agra, Uttar Pradesh, India",low,0.20,No configured Shiva-specific terms matched the discovered name.,2026-09-28 11:06:27.676399+00:00,2026-09-28 11:06:27.676399+00:00
ChIJI4fbdrMldDkR9AOYISjTN5A,https://maps.google.com/?cid=10392006834496472052&g_mp=Cidnb29nbGUubWFwcy5wbGFjZXMudjEuUGxhY2VzLlNlYXJjaFRleHQQAhgEIAA,Lodi mata mandir (parashar house) Tal ka pura Bashoni bah Agra 283123,"RFH6+57, Basoni, Uttar Pradesh 283113",26.827946800000003,78.4606953,Uttar Pradesh,Agra,"Shiva temple in Bah, Agra, Uttar Pradesh, India",low,0.20,No configured Shiva-specific terms matched the discovered name.,2026-09-28 11:07:17.900037+00:00,2026-09-28 11:07:17.900037+00:00
ChIJeUobCgCPczkR5QUu1vdNMAs,https://maps.google.com/?cid=806230060144920037&g_mp=Cidnb29nbGUubWFwcy5wbGFjZXMudjEuUGxhY2VzLlNlYXJjaFRleHQQAhgEIAA,Mankameswar Temple Achhnera,"5QJ3+7XX, Achhnera Station Rd, Achhnera, Uttar Pradesh 283101",27.181486399999997,77.7551529,Uttar Pradesh,Agra,"Mahadev temple in Achhnera, Kiraoli, Agra, Uttar Pradesh, India",low,0.20,No configured Shiva-specific terms matched the discovered name.,2026-09-28 11:06:22.861985+00:00,2026-09-28 11:06:53+00:00
ChIJyd68PHaPczkRa_m_c-uziGM,https://maps.google.com/?cid=7172180230428162411&g_mp=Cidnb29nbGUubWFwcy5wbGFjZXMudjEuUGxhY2VzLlNlYXJjaFRleHQQAhgEIAA,Panchmukhi Hanuman Mandir,"2248, Agra - Bharatpur Rd, Achhnera, Uttar Pradesh 283101",27.1757752,77.7567278,Uttar Pradesh,Agra,"Shiva temple in Achhnera, Kiraoli, Agra, Uttar Pradesh, India",low,0.20,No configured Shiva-specific terms matched the discovered name.,2026-09-28 11:06:25.754344+00:00,2026-09-28 11:06:25.754344+00:00
ChIJgZzm55NwdDkRzPhIVv1ecjk,https://maps.google.com/?cid=4139475449674266828&g_mp=Cidnb29nbGUubWFwcy5wbGFjZXMudjEuUGxhY2VzLlNlYXJjaFRleHQQAhgEIAA,Pracheen Mandir,"624X+4QP, Rambagh, Trans Yamuna Colony, Agra, Uttar Pradesh 282006",27.2053343,78.0494629,Uttar Pradesh,Agra,"Lingeshwar temple in Achhnera, Kiraoli, Agra, Uttar Pradesh, India",low,0.20,No configured Shiva-specific terms matched the discovered name.,2026-09-28 11:07:11.665959+00:00,2026-09-28 11:07:11.665959+00:00
ChIJE-FnvSBxdDkRnGCazg3u42A,https://maps.google.com/?cid=6981685590422610076&g_mp=Cidnb29nbGUubWFwcy5wbGFjZXMudjEuUGxhY2VzLlNlYXJjaFRleHQQAhgEIAA,Prachin Bhairo Temple,"52GQ+463, Dharmapuri, Forest Colony, Tajganj, Agra, Uttar Pradesh 282001",27.1752641,78.0380445,Uttar Pradesh,Agra,"Lingeshwar temple in Achhnera, Kiraoli, Agra, Uttar Pradesh, India",low,0.20,No configured Shiva-specific terms matched the discovered name.,2026-09-28 11:07:11.603576+00:00,2026-09-28 11:07:11.603576+00:00
ChIJQVycBwCRczkRUhGOk3ulHY0,https://maps.google.com/?cid=10168465483847569746&g_mp=Cidnb29nbGUubWFwcy5wbGFjZXMudjEuUGxhY2VzLlNlYXJjaFRleHQQAhgEIAA,Radha Krishna mandir,"4QQ2+X3P, Nagla, Prithvipura, Baharwati, Uttar Pradesh 283101",27.139954799999998,77.75020789999999,Uttar Pradesh,Agra,"Shiva temple in Achhnera, Kiraoli, Agra, Uttar Pradesh, India",low,0.20,No configured Shiva-specific terms matched the discovered name.,2026-09-28 11:06:28.745353+00:00,2026-09-28 11:06:28.745353+00:00
ChIJcQqrukA7dDkRxi_ssfUDNqw,https://maps.google.com/?cid=12409110177052897222&g_mp=Cidnb29nbGUubWFwcy5wbGFjZXMudjEuUGxhY2VzLlNlYXJjaFRleHQQAhgEIAA,Ratauti pachhaygaon bah agra,"WFM4+RX5, Rd, Ratauti, Uttar Pradesh 283113",26.9345139,78.45749909999999,Uttar Pradesh,Agra,"Shiva temple in Bah, Agra, Uttar Pradesh, India",low,0.20,No configured Shiva-specific terms matched the discovered name.,2026-09-28 11:07:17.192291+00:00,2026-09-28 11:07:17.192291+00:00
ChIJw0k9tCd3dDkRx8L1Z6wN1HU,https://maps.google.com/?cid=8490426231629923015&g_mp=Cidnb29nbGUubWFwcy5wbGFjZXMudjEuUGxhY2VzLlNlYXJjaFRleHQQAhgEIAA,Rawli Temple Agra,"Mahatma Gandhi Rd, Panchkuian, Rakabganj, Agra, Uttar Pradesh 282001",27.175946999999997,78.0064414,Uttar Pradesh,Agra,"Rudreshwar temple in Achhnera, Kiraoli, Agra, Uttar Pradesh, India",low,0.20,No configured Shiva-specific terms matched the discovered name.,2026-09-28 11:06:22.915968+00:00,2026-09-28 11:07:13+00:00
ChIJV2CEX0CFczkRCkr-QaYtigY,https://maps.google.com/?cid=471239303108643338&g_mp=Cidnb29nbGUubWFwcy5wbGFjZXMudjEuUGxhY2VzLlNlYXJjaFRleHQQAhgEIAA,Sahadev Kachora,"6Q27+CPF, Agra, Kachora, Uttar Pradesh 283101",27.2010687,77.7643047,Uttar Pradesh,Agra,"Shiva temple in Achhnera, Kiraoli, Agra, Uttar Pradesh, India",low,0.20,No configured Shiva-specific terms matched the discovered name.,2026-09-28 11:06:26.167901+00:00,2026-09-28 11:06:26.167901+00:00
ChIJK8lERgCPczkRaZcwoO3ldO8,https://maps.google.com/?cid=17254668881120761705&g_mp=Cidnb29nbGUubWFwcy5wbGFjZXMudjEuUGxhY2VzLlNlYXJjaFRleHQQAhgEIAA,Saurabh Chaudhary home,"5P9X+3JQ, Achhnera, Uttar Pradesh 283101",27.167704699999998,77.7490991,Uttar Pradesh,Agra,"Shiva temple in Achhnera, Kiraoli, Agra, Uttar Pradesh, India",low,0.20,No configured Shiva-specific terms matched the discovered name.,2026-09-28 11:06:28.136151+00:00,2026-09-28 11:06:28.136151+00:00
ChIJ3-wKNwCPczkR2KpyQM66yrE,https://maps.google.com/?cid=12811257485016083160&g_mp=Cidnb29nbGUubWFwcy5wbGFjZXMudjEuUGxhY2VzLlNlYXJjaFRleHQQAhgEIAA,Sed mata mandir,"5QH5+73Q, Main Market, Achhnera, Uttar Pradesh 283101",27.1784185,77.7573652,Uttar Pradesh,Agra,"Shiva temple in Achhnera, Kiraoli, Agra, Uttar Pradesh, India",low,0.20,No configured Shiva-specific terms matched the discovered name.,2026-09-28 11:06:27.854443+00:00,2026-09-28 11:06:27.854443+00:00
ChIJT66yDPiHczkRH12nR4iKaS4,https://maps.google.com/?cid=3344356516221639967&g_mp=Cidnb29nbGUubWFwcy5wbGFjZXMudjEuUGxhY2VzLlNlYXJjaFRleHQQAhgEIAA,Shani Dev Mandir (Renuka Dham) Rankata Agra,"7V2F+CW2, sanidev Road, आगरा, उत्तर प्रदेश 282007",27.251023699999998,77.874764,Uttar Pradesh,Agra,"Shiva temple in Achhnera, Kiraoli, Agra, Uttar Pradesh, India",low,0.20,No configured Shiva-specific terms matched the discovered name.,2026-09-28 11:06:25.571185+00:00,2026-09-28 11:06:25.571185+00:00
ChIJq_3sa46PczkRaV0y8cMmb_g,https://maps.google.com/?cid=17901569666828098921&g_mp=Cidnb29nbGUubWFwcy5wbGFjZXMudjEuUGxhY2VzLlNlYXJjaFRleHQQAhgEIAA,Shree Dau ji maharaj Temple Achnera,"5QG3+VV5, Agra - Bharatpur Rd, near saraswat Genrel stor, Achhnera, Uttar Pradesh 283101",27.177143599999997,77.75472789999999,Uttar Pradesh,Agra,"Shiva temple in Achhnera, Kiraoli, Agra, Uttar Pradesh, India",low,0.20,No configured Shiva-specific terms matched the discovered name.,2026-09-28 11:06:23.930584+00:00,2026-09-28 11:06:23.930584+00:00
ChIJSfDIdwCPczkRi0bV6JNoHy0,https://maps.google.com/?cid=3251432440460560011&g_mp=Cidnb29nbGUubWFwcy5wbGFjZXMudjEuUGxhY2VzLlNlYXJjaFRleHQQAhgEIAA,Shri Balaji maharaj ji ka mandir,"5QH2+398, Agra - Bharatpur Rd, Achhnera, Ardaya, Uttar Pradesh 283101",27.1777175,77.7509417,Uttar Pradesh,Agra,"Shiva temple in Achhnera, Kiraoli, Agra, Uttar Pradesh, India",low,0.20,No configured Shiva-specific terms matched the discovered name.,2026-09-28 11:06:26.039846+00:00,2026-09-28 11:06:26.039846+00:00
ChIJfUyQ8MlwdDkR5SuZnQ6ruaA,https://maps.google.com/?cid=11581475996021894117&g_mp=Cidnb29nbGUubWFwcy5wbGFjZXMudjEuUGxhY2VzLlNlYXJjaFRleHQQAhgEIAA,"Shri Khatu Shyam Temple,","road, Jeoni Mandi, Civil Lines, Agra, Uttar Pradesh 282003",27.197475999999998,78.0256345,Uttar Pradesh,Agra,"Vishwanath temple in Achhnera, Kiraoli, Agra, Uttar Pradesh, India",low,0.20,No configured Shiva-specific terms matched the discovered name.,2026-09-28 11:06:23.748307+00:00,2026-09-28 11:07:07+00:00
ChIJl24ufJmPczkRFHGe-bCru00,https://maps.google.com/?cid=5601259338155847956&g_mp=Cidnb29nbGUubWFwcy5wbGFjZXMudjEuUGxhY2VzLlNlYXJjaFRleHQQAhgEIAA,Shri Radha Mohan Ramli Lala Wala Mandir,"5QH6+93M, Unnamed Road, Achhnera, Uttar Pradesh 283101",27.1784702,77.7601722,Uttar Pradesh,Agra,"Shiva temple in Achhnera, Kiraoli, Agra, Uttar Pradesh, India",low,0.20,No configured Shiva-specific terms matched the discovered name.,2026-09-28 11:06:27.615607+00:00,2026-09-28 11:06:27.615607+00:00
ChIJ0YbvFQCPczkRb0dGCuhO1bQ,https://maps.google.com/?cid=13030407855378155375&g_mp=Cidnb29nbGUubWFwcy5wbGFjZXMudjEuUGxhY2VzLlNlYXJjaFRleHQQAhgEIAA,Shri Ram Mandir Ardaya,"5P9X+4M9, Ardaya, Achhnera, Uttar Pradesh 283101",27.1677957,77.74924759999999,Uttar Pradesh,Agra,"Shiva temple in Achhnera, Kiraoli, Agra, Uttar Pradesh, India",low,0.20,No configured Shiva-specific terms matched the discovered name.,2026-09-28 11:06:25.454622+00:00,2026-09-28 11:06:25.454622+00:00
ChIJVy8ZEKiRczkRAILpiYaC0OM,https://maps.google.com/?cid=16415764156116468224&g_mp=Cidnb29nbGUubWFwcy5wbGFjZXMudjEuUGxhY2VzLlNlYXJjaFRleHQQAhgEIAA,Shri Shani Dev Mandir kriyya Baba Vishmbar Das,"5P5G+CMC, Gadi Candarman, Uttar Pradesh 283110",27.158559399999998,77.72663469999999,Uttar Pradesh,Agra,"Shiva temple in Achhnera, Kiraoli, Agra, Uttar Pradesh, India",low,0.20,No configured Shiva-specific terms matched the discovered name.,2026-09-28 11:06:28.927655+00:00,2026-09-28 11:06:28.927655+00:00
ChIJV4zkaoiFczkR0zUE6T2YQzU,https://maps.google.com/?cid=3838078699119588819&g_mp=Cidnb29nbGUubWFwcy5wbGFjZXMudjEuUGxhY2VzLlNlYXJjaFRleHQQAhgEIAA,Siv mandir,"6QG3+5XJ, मार्ग, अछनेरा, फराह, उत्तर प्रदेश 283101",27.2254422,77.75541869999999,Uttar Pradesh,Agra,"Shiva temple in Achhnera, Kiraoli, Agra, Uttar Pradesh, India",low,0.20,No configured Shiva-specific terms matched the discovered name.,2026-09-28 11:06:27.555993+00:00,2026-09-28 11:06:27.555993+00:00
ChIJr8x1_mN3dDkR6C3pvXirj5E,https://maps.google.com/?cid=10488790592239775208&g_mp=Cidnb29nbGUubWFwcy5wbGFjZXMudjEuUGxhY2VzLlNlYXJjaFRleHQQAhgEIAA,Vaishno Mata Mandir,"6X7R+597, Sheetla Rd, Kendriya Hindi Sansthan Marg, Lawyer's Colony, Agra, Uttar Pradesh 282005",27.2129087,77.9909256,Uttar Pradesh,Agra,"Vishwanath temple in Achhnera, Kiraoli, Agra, Uttar Pradesh, India",low,0.20,No configured Shiva-specific terms matched the discovered name.,2026-09-28 11:07:07.443063+00:00,2026-09-28 11:07:07.443063+00:00
ChIJkzyzxzN3dDkR72kKbXjCROU,https://maps.google.com/?cid=16520543155583085039&g_mp=Cidnb29nbGUubWFwcy5wbGFjZXMudjEuUGxhY2VzLlNlYXJjaFRleHQQAhgEIAA,Vishwa Hindu Parishad Karyalay Agra,"52Q8+Q28, Seo ka Bazar, Rawatpara, Bodhi Ka Nagala, Mantola, Agra, Uttar Pradesh 282003",27.1894192,78.0150755,Uttar Pradesh,Agra,"Lingeshwar temple in Achhnera, Kiraoli, Agra, Uttar Pradesh, India",low,0.20,No configured Shiva-specific terms matched the discovered name.,2026-09-28 11:07:12.048840+00:00,2026-09-28 11:07:12.048840+00:00
ChIJq97BegCPczkRIkg02IaC3UY,https://maps.google.com/?cid=5106381068172544034&g_mp=Cidnb29nbGUubWFwcy5wbGFjZXMudjEuUGxhY2VzLlNlYXJjaFRleHQQAhgEIAA,hospital's temple,"5QH5+PG5, Achhnera, Uttar Pradesh 283101",27.1792598,77.7588499,Uttar Pradesh,Agra,"Shiva temple in Achhnera, Kiraoli, Agra, Uttar Pradesh, India",low,0.20,No configured Shiva-specific terms matched the discovered name.,2026-09-28 11:06:25.289154+00:00,2026-09-28 11:06:25.289154+00:00
ChIJN5_25wKPczkRuJIeLQv5yoc,https://maps.google.com/?cid=9784906966812758712&g_mp=Cidnb29nbGUubWFwcy5wbGFjZXMudjEuUGxhY2VzLlNlYXJjaFRleHQQAhgEIAA,नरी सेमरी माता मंदिर,"5QJ4+JR3, Achhnera Station Rd, Achhnera, Uttar Pradesh 283101",27.1815045,77.7570367,Uttar Pradesh,Agra,"Shiva temple in Achhnera, Kiraoli, Agra, Uttar Pradesh, India",low,0.20,No configured Shiva-specific terms matched the discovered name.,2026-09-28 11:06:28.801629+00:00,2026-09-28 11:06:28.801629+00:00
ChIJawBQEQCFczkRPHhttR8vJqY,https://maps.google.com/?cid=11972308472645384252&g_mp=Cidnb29nbGUubWFwcy5wbGFjZXMudjEuUGxhY2VzLlNlYXJjaFRleHQQAhgEIAA,प्राचीन महादेव मंदिर,"6Q2C+R82, Kachora, Uttar Pradesh 283101",27.2020214,77.7707556,Uttar Pradesh,Agra,"Shiva temple in Achhnera, Kiraoli, Agra, Uttar Pradesh, India",low,0.20,No configured Shiva-specific terms matched the discovered name.,2026-09-28 11:06:27.442036+00:00,2026-09-28 11:06:27.442036+00:00
ChIJ9U_V3KmaczkR1XtB-5YPFaQ,https://maps.google.com/?cid=11823373537865989077&g_mp=Cidnb29nbGUubWFwcy5wbGFjZXMudjEuUGxhY2VzLlNlYXJjaFRleHQQAhgEIAA,वनखंडी शिव मंदिर,"5PWQ+Q4H, Nagla Arua, Uttar Pradesh 283101",27.1969411,77.737873,Uttar Pradesh,Agra,"Shiva temple in Achhnera, Kiraoli, Agra, Uttar Pradesh, India",low,0.20,No configured Shiva-specific terms matched the discovered name.,2026-09-28 11:06:28.686891+00:00,2026-09-28 11:06:28.686891+00:00
ChIJubghSO-PczkRZSbh6VZ5-H8,https://maps.google.com/?cid=9221253651239085669&g_mp=Cidnb29nbGUubWFwcy5wbGFjZXMudjEuUGxhY2VzLlNlYXJjaFRleHQQAhgEIAA,शिव मंदिर अछनेरा,"5QJ5+G64, Achhnera, Uttar Pradesh 283101",27.181267499999997,77.7580675,Uttar Pradesh,Agra,"Shankar Mandir in Achhnera, Kiraoli, Agra, Uttar Pradesh, India",low,0.20,No configured Shiva-specific terms matched the discovered name.,2026-09-28 11:06:22.628130+00:00,2026-09-28 11:07:02+00:00
ChIJCR9U4OmPczkR8xl6A-gBAF4,https://maps.google.com/?cid=6773415935567600115&g_mp=Cidnb29nbGUubWFwcy5wbGFjZXMudjEuUGxhY2VzLlNlYXJjaFRleHQQAhgEIAA,शिव मंदिर नगला हरीराम,"4QX6+9X2 नगला हरीराम, Kiraoli, Ninbaya, Uttar Pradesh 283101",27.148385299999997,77.7623764,Uttar Pradesh,Agra,"Mahadev temple in Achhnera, Kiraoli, Agra, Uttar Pradesh, India",low,0.20,No configured Shiva-specific terms matched the discovered name.,2026-09-28 11:06:23.570357+00:00,2026-09-28 11:06:57+00:00
